location,technology,time_step,availability
l0,WindOff,1,0.3437
l0,WindOff,2,0.258
l0,WindOff,3,0.3789
l0,WindOff,4,0.5633
l0,WindOff,5,0.6617
l0,WindOff,6,0.7304
l0,WindOff,7,0.3666
l0,WindOff,8,0.5766
l0,WindOff,9,0.7599
l0,WindOff,10,0.8147
l0,WindOff,11,0.4841
l0,WindOff,12,0.4403
l0,WindOff,13,0.5516
l0,WindOff,14,0.1896
l0,WindOff,15,0.4477
l0,WindOff,16,0.701
l0,WindOff,17,0.6733
l0,WindOff,18,0.427
l0,WindOff,19,0.5588
l0,WindOff,20,0.2773
l0,WindOff,21,0.6899
l0,WindOff,22,0.479
l0,WindOff,23,0.4255
l0,WindOff,24,0.4023
l1,WindOff,1,0.483
l1,WindOff,2,0.3791
l1,WindOff,3,0.6777
l1,WindOff,4,0.3933
l1,WindOff,5,0.9301
l1,WindOff,6,0.8956
l1,WindOff,7,0.2593
l1,WindOff,8,0.5188
l1,WindOff,9,0.3243
l1,WindOff,10,0.4118
l1,WindOff,11,1
l1,WindOff,12,0.417
l1,WindOff,13,0.5973
l1,WindOff,14,0.6462
l1,WindOff,15,0.2298
l1,WindOff,16,0.2691
l1,WindOff,17,0.1744
l1,WindOff,18,0.2608
l1,WindOff,19,0
l1,WindOff,20,0.647
l1,WindOff,21,1
l1,WindOff,22,0.5399
l1,WindOff,23,0.1176
l1,WindOff,24,0.3265
l2,WindOff,1,0.3761
l2,WindOff,2,0.2253
l2,WindOff,3,0.7322
l2,WindOff,4,0.7188
l2,WindOff,5,0.188
l2,WindOff,6,0.6958
l2,WindOff,7,0.9122
l2,WindOff,8,1
l2,WindOff,9,1
l2,WindOff,10,0.2565
l2,WindOff,11,1
l2,WindOff,12,0.4044
l2,WindOff,13,0.34
l2,WindOff,14,0.5883
l2,WindOff,15,0.3428
l2,WindOff,16,0.6077
l2,WindOff,17,0.1436
l2,WindOff,18,0.4355
l2,WindOff,19,0.8471
l2,WindOff,20,0.4846
l2,WindOff,21,0.5382
l2,WindOff,22,0.6283
l2,WindOff,23,0.8161
l2,WindOff,24,0.0531
l3,WindOff,1,0.6578
l3,WindOff,2,0.4276
l3,WindOff,3,0.545
l3,WindOff,4,0.7862
l3,WindOff,5,0.1776
l3,WindOff,6,0.2266
l3,WindOff,7,0
l3,WindOff,8,0.3517
l3,WindOff,9,0.8592
l3,WindOff,10,0.4674
l3,WindOff,11,0.1382
l3,WindOff,12,0.3689
l3,WindOff,13,0.0983
l3,WindOff,14,0.1962
l3,WindOff,15,0.605
l3,WindOff,16,0.1831
l3,WindOff,17,0.8004
l3,WindOff,18,0.4808
l3,WindOff,19,0.5231
l3,WindOff,20,0.4248
l3,WindOff,21,0.7087
l3,WindOff,22,0.7115
l3,WindOff,23,0.5905
l3,WindOff,24,0.6525
l4,WindOff,1,0.4427
l4,WindOff,2,0.6464
l4,WindOff,3,0.4088
l4,WindOff,4,0.5006
l4,WindOff,5,0.4258
l4,WindOff,6,0.3766
l4,WindOff,7,0.3139
l4,WindOff,8,0.6263
l4,WindOff,9,0.8539
l4,WindOff,10,0.8162
l4,WindOff,11,0.1607
l4,WindOff,12,0.8481
l4,WindOff,13,0.4141
l4,WindOff,14,0.6622
l4,WindOff,15,0.2553
l4,WindOff,16,0.5383
l4,WindOff,17,0.5847
l4,WindOff,18,0.0992
l4,WindOff,19,0.6642
l4,WindOff,20,0.8634
l4,WindOff,21,0.4528
l4,WindOff,22,0.8672
l4,WindOff,23,0.4488
l4,WindOff,24,0.7294
l5,WindOff,1,0
l5,WindOff,2,1
l5,WindOff,3,0.9038
l5,WindOff,4,0.4232
l5,WindOff,5,0
l5,WindOff,6,0.5778
l5,WindOff,7,0.1101
l5,WindOff,8,0.6201
l5,WindOff,9,0.6111
l5,WindOff,10,0.2458
l5,WindOff,11,0.8027
l5,WindOff,12,0.7175
l5,WindOff,13,0.7635
l5,WindOff,14,0.5024
l5,WindOff,15,0.1178
l5,WindOff,16,0.764
l5,WindOff,17,0.427
l5,WindOff,18,0.1248
l5,WindOff,19,0.8651
l5,WindOff,20,1
l5,WindOff,21,0.4889
l5,WindOff,22,1
l5,WindOff,23,0.5247
l5,WindOff,24,0.3973
l6,WindOff,1,0.3298
l6,WindOff,2,0.942
l6,WindOff,3,0.2894
l6,WindOff,4,0.6985
l6,WindOff,5,0.349
l6,WindOff,6,0.3757
l6,WindOff,7,0.7782
l6,WindOff,8,0.3974
l6,WindOff,9,0.3907
l6,WindOff,10,0.8059
l6,WindOff,11,0.9313
l6,WindOff,12,0.6741
l6,WindOff,13,0.3232
l6,WindOff,14,0.3621
l6,WindOff,15,0.5216
l6,WindOff,16,0.5867
l6,WindOff,17,0.2333
l6,WindOff,18,0.6952
l6,WindOff,19,0.5231
l6,WindOff,20,0.0368
l6,WindOff,21,0.2492
l6,WindOff,22,0.3639
l6,WindOff,23,0.4803
l6,WindOff,24,1
l7,WindOff,1,0
l7,WindOff,2,0
l7,WindOff,3,0
l7,WindOff,4,0
l7,WindOff,5,0
l7,WindOff,6,0
l7,WindOff,7,0
l7,WindOff,8,0
l7,WindOff,9,0
l7,WindOff,10,0
l7,WindOff,11,0
l7,WindOff,12,0
l7,WindOff,13,0
l7,WindOff,14,0
l7,WindOff,15,0
l7,WindOff,16,0
l7,WindOff,17,0
l7,WindOff,18,0
l7,WindOff,19,0
l7,WindOff,20,0
l7,WindOff,21,0
l7,WindOff,22,0
l7,WindOff,23,0
l7,WindOff,24,0
l8,WindOff,1,0.5643
l8,WindOff,2,0.273
l8,WindOff,3,0.5596
l8,WindOff,4,0.4049
l8,WindOff,5,0.5877
l8,WindOff,6,0.6568
l8,WindOff,7,0.8265
l8,WindOff,8,0.4934
l8,WindOff,9,0.9425
l8,WindOff,10,0.7452
l8,WindOff,11,0.309
l8,WindOff,12,1
l8,WindOff,13,0.5883
l8,WindOff,14,0.2745
l8,WindOff,15,0.9463
l8,WindOff,16,1
l8,WindOff,17,0.4911
l8,WindOff,18,0.364
l8,WindOff,19,0.4535
l8,WindOff,20,0.693
l8,WindOff,21,0.845
l8,WindOff,22,0.654
l8,WindOff,23,0.5275
l8,WindOff,24,0.9045
l9,WindOff,1,0
l9,WindOff,2,0
l9,WindOff,3,0
l9,WindOff,4,0
l9,WindOff,5,0
l9,WindOff,6,0
l9,WindOff,7,0
l9,WindOff,8,0
l9,WindOff,9,0
l9,WindOff,10,0
l9,WindOff,11,0
l9,WindOff,12,0
l9,WindOff,13,0
l9,WindOff,14,0
l9,WindOff,15,0
l9,WindOff,16,0
l9,WindOff,17,0
l9,WindOff,18,0
l9,WindOff,19,0
l9,WindOff,20,0
l9,WindOff,21,0
l9,WindOff,22,0
l9,WindOff,23,0
l9,WindOff,24,0
l10,WindOff,1,0.4155
l10,WindOff,2,0.7783
l10,WindOff,3,0.4222
l10,WindOff,4,0.6164
l10,WindOff,5,0.4693
l10,WindOff,6,0.4849
l10,WindOff,7,0.3981
l10,WindOff,8,0.8631
l10,WindOff,9,0.3021
l10,WindOff,10,0.3001
l10,WindOff,11,1
l10,WindOff,12,0.764
l10,WindOff,13,0
l10,WindOff,14,0.3474
l10,WindOff,15,0.0108
l10,WindOff,16,0.2433
l10,WindOff,17,0
l10,WindOff,18,0.463
l10,WindOff,19,0.1917
l10,WindOff,20,0.5162
l10,WindOff,21,0.0612
l10,WindOff,22,0.5224
l10,WindOff,23,0.388
l10,WindOff,24,0.9055
l11,WindOff,1,0.8811
l11,WindOff,2,0.712
l11,WindOff,3,0.4118
l11,WindOff,4,1
l11,WindOff,5,0.0807
l11,WindOff,6,0.121
l11,WindOff,7,0.4774
l11,WindOff,8,1
l11,WindOff,9,0.4454
l11,WindOff,10,0.4505
l11,WindOff,11,0.1107
l11,WindOff,12,0.7554
l11,WindOff,13,0.7574
l11,WindOff,14,0.7131
l11,WindOff,15,0.3301
l11,WindOff,16,0.3092
l11,WindOff,17,0.1509
l11,WindOff,18,0.5226
l11,WindOff,19,0.2083
l11,WindOff,20,0.1821
l11,WindOff,21,0.3856
l11,WindOff,22,0.3679
l11,WindOff,23,0.3547
l11,WindOff,24,0.6259
l12,WindOff,1,0
l12,WindOff,2,0
l12,WindOff,3,0
l12,WindOff,4,0
l12,WindOff,5,0
l12,WindOff,6,0
l12,WindOff,7,0
l12,WindOff,8,0
l12,WindOff,9,0
l12,WindOff,10,0
l12,WindOff,11,0
l12,WindOff,12,0
l12,WindOff,13,0
l12,WindOff,14,0
l12,WindOff,15,0
l12,WindOff,16,0
l12,WindOff,17,0
l12,WindOff,18,0
l12,WindOff,19,0
l12,WindOff,20,0
l12,WindOff,21,0
l12,WindOff,22,0
l12,WindOff,23,0
l12,WindOff,24,0
l13,WindOff,1,0.5213
l13,WindOff,2,0.4222
l13,WindOff,3,0.5494
l13,WindOff,4,0.2323
l13,WindOff,5,0.5284
l13,WindOff,6,0.5407
l13,WindOff,7,0.0942
l13,WindOff,8,0.7688
l13,WindOff,9,0.262
l13,WindOff,10,0.5244
l13,WindOff,11,0.8144
l13,WindOff,12,0.7499
l13,WindOff,13,0.5093
l13,WindOff,14,0.4021
l13,WindOff,15,0.7558
l13,WindOff,16,0.6822
l13,WindOff,17,0.333
l13,WindOff,18,0.2854
l13,WindOff,19,0
l13,WindOff,20,0.5416
l13,WindOff,21,0.4777
l13,WindOff,22,0.8068
l13,WindOff,23,0.5969
l13,WindOff,24,0.8602
l14,WindOff,1,0.3117
l14,WindOff,2,0.8073
l14,WindOff,3,0.3572
l14,WindOff,4,0.71
l14,WindOff,5,0.1061
l14,WindOff,6,0.5635
l14,WindOff,7,0
l14,WindOff,8,0.4279
l14,WindOff,9,0.6189
l14,WindOff,10,0.3593
l14,WindOff,11,0.2164
l14,WindOff,12,0.7285
l14,WindOff,13,0.4721
l14,WindOff,14,0.3678
l14,WindOff,15,0.5113
l14,WindOff,16,1
l14,WindOff,17,0.8114
l14,WindOff,18,0.8139
l14,WindOff,19,0.6176
l14,WindOff,20,0.545
l14,WindOff,21,0
l14,WindOff,22,0.3167
l14,WindOff,23,0.3702
l14,WindOff,24,0
l15,WindOff,1,0
l15,WindOff,2,0
l15,WindOff,3,0
l15,WindOff,4,0
l15,WindOff,5,0
l15,WindOff,6,0
l15,WindOff,7,0
l15,WindOff,8,0
l15,WindOff,9,0
l15,WindOff,10,0
l15,WindOff,11,0
l15,WindOff,12,0
l15,WindOff,13,0
l15,WindOff,14,0
l15,WindOff,15,0
l15,WindOff,16,0
l15,WindOff,17,0
l15,WindOff,18,0
l15,WindOff,19,0
l15,WindOff,20,0
l15,WindOff,21,0
l15,WindOff,22,0
l15,WindOff,23,0
l15,WindOff,24,0
l16,WindOff,1,0
l16,WindOff,2,0
l16,WindOff,3,0
l16,WindOff,4,0
l16,WindOff,5,0
l16,WindOff,6,0
l16,WindOff,7,0
l16,WindOff,8,0
l16,WindOff,9,0
l16,WindOff,10,0
l16,WindOff,11,0
l16,WindOff,12,0
l16,WindOff,13,0
l16,WindOff,14,0
l16,WindOff,15,0
l16,WindOff,16,0
l16,WindOff,17,0
l16,WindOff,18,0
l16,WindOff,19,0
l16,WindOff,20,0
l16,WindOff,21,0
l16,WindOff,22,0
l16,WindOff,23,0
l16,WindOff,24,0
l17,WindOff,1,0
l17,WindOff,2,0
l17,WindOff,3,0
l17,WindOff,4,0
l17,WindOff,5,0
l17,WindOff,6,0
l17,WindOff,7,0
l17,WindOff,8,0
l17,WindOff,9,0
l17,WindOff,10,0
l17,WindOff,11,0
l17,WindOff,12,0
l17,WindOff,13,0
l17,WindOff,14,0
l17,WindOff,15,0
l17,WindOff,16,0
l17,WindOff,17,0
l17,WindOff,18,0
l17,WindOff,19,0
l17,WindOff,20,0
l17,WindOff,21,0
l17,WindOff,22,0
l17,WindOff,23,0
l17,WindOff,24,0
l18,WindOff,1,0.1875
l18,WindOff,2,0
l18,WindOff,3,0.4897
l18,WindOff,4,0.7211
l18,WindOff,5,0.7988
l18,WindOff,6,0.612
l18,WindOff,7,0.2399
l18,WindOff,8,0
l18,WindOff,9,0.0256
l18,WindOff,10,0.1574
l18,WindOff,11,0.26
l18,WindOff,12,0.4569
l18,WindOff,13,0.2262
l18,WindOff,14,0.5915
l18,WindOff,15,0.4373
l18,WindOff,16,0.5028
l18,WindOff,17,0.8079
l18,WindOff,18,0.1813
l18,WindOff,19,0.6131
l18,WindOff,20,0.4962
l18,WindOff,21,0.41
l18,WindOff,22,0.739
l18,WindOff,23,0.7373
l18,WindOff,24,0.2444
l19,WindOff,1,0.4508
l19,WindOff,2,0.5759
l19,WindOff,3,0.4263
l19,WindOff,4,0.658
l19,WindOff,5,0.5759
l19,WindOff,6,0.9948
l19,WindOff,7,0.0868
l19,WindOff,8,0.4669
l19,WindOff,9,0.2547
l19,WindOff,10,0.6631
l19,WindOff,11,0.0634
l19,WindOff,12,0.5935
l19,WindOff,13,0.3299
l19,WindOff,14,0.3018
l19,WindOff,15,0.1094
l19,WindOff,16,0.3744
l19,WindOff,17,0.7928
l19,WindOff,18,0.4932
l19,WindOff,19,0.6695
l19,WindOff,20,0.9495
l19,WindOff,21,0.5712
l19,WindOff,22,0.3491
l19,WindOff,23,0.6262
l19,WindOff,24,0.353
l20,WindOff,1,0.3638
l20,WindOff,2,0.0896
l20,WindOff,3,0.7501
l20,WindOff,4,0.3958
l20,WindOff,5,0.5492
l20,WindOff,6,0.2203
l20,WindOff,7,0.6177
l20,WindOff,8,0.2943
l20,WindOff,9,0.4617
l20,WindOff,10,0.737
l20,WindOff,11,0.7135
l20,WindOff,12,0.4941
l20,WindOff,13,0.0226
l20,WindOff,14,1
l20,WindOff,15,0.9714
l20,WindOff,16,0.6951
l20,WindOff,17,0.2966
l20,WindOff,18,0.4693
l20,WindOff,19,0.3533
l20,WindOff,20,0.8412
l20,WindOff,21,0.5709
l20,WindOff,22,0.2883
l20,WindOff,23,0.3729
l20,WindOff,24,0.8027
l21,WindOff,1,0.932
l21,WindOff,2,0.9126
l21,WindOff,3,0.7044
l21,WindOff,4,0.4318
l21,WindOff,5,0
l21,WindOff,6,0.5802
l21,WindOff,7,0.4995
l21,WindOff,8,0.5378
l21,WindOff,9,0.5146
l21,WindOff,10,0.1419
l21,WindOff,11,0.6505
l21,WindOff,12,0.6707
l21,WindOff,13,0.6842
l21,WindOff,14,0.7556
l21,WindOff,15,0.6631
l21,WindOff,16,0.3893
l21,WindOff,17,0.4809
l21,WindOff,18,0.5246
l21,WindOff,19,0.5291
l21,WindOff,20,0.7695
l21,WindOff,21,0.6738
l21,WindOff,22,1
l21,WindOff,23,1
l21,WindOff,24,0.5215
l22,WindOff,1,0
l22,WindOff,2,0
l22,WindOff,3,0
l22,WindOff,4,0
l22,WindOff,5,0
l22,WindOff,6,0
l22,WindOff,7,0
l22,WindOff,8,0
l22,WindOff,9,0
l22,WindOff,10,0
l22,WindOff,11,0
l22,WindOff,12,0
l22,WindOff,13,0
l22,WindOff,14,0
l22,WindOff,15,0
l22,WindOff,16,0
l22,WindOff,17,0
l22,WindOff,18,0
l22,WindOff,19,0
l22,WindOff,20,0
l22,WindOff,21,0
l22,WindOff,22,0
l22,WindOff,23,0
l22,WindOff,24,0
l23,WindOff,1,0
l23,WindOff,2,0.8339
l23,WindOff,3,0.3541
l23,WindOff,4,0.2836
l23,WindOff,5,0.3924
l23,WindOff,6,0.3794
l23,WindOff,7,0.6653
l23,WindOff,8,0.079
l23,WindOff,9,0.209
l23,WindOff,10,0.5927
l23,WindOff,11,0.6682
l23,WindOff,12,0.6732
l23,WindOff,13,0.2875
l23,WindOff,14,0.2359
l23,WindOff,15,0.3632
l23,WindOff,16,0.5648
l23,WindOff,17,0.9011
l23,WindOff,18,0
l23,WindOff,19,0.4404
l23,WindOff,20,0.1402
l23,WindOff,21,0.0539
l23,WindOff,22,0.7611
l23,WindOff,23,0.647
l23,WindOff,24,0.6213
l24,WindOff,1,0.7487
l24,WindOff,2,0.3705
l24,WindOff,3,0.3832
l24,WindOff,4,1
l24,WindOff,5,0.4334
l24,WindOff,6,0.6985
l24,WindOff,7,0.5017
l24,WindOff,8,0.001
l24,WindOff,9,0
l24,WindOff,10,0.3437
l24,WindOff,11,0.7851
l24,WindOff,12,0.7128
l24,WindOff,13,0.7468
l24,WindOff,14,0.2335
l24,WindOff,15,0.9363
l24,WindOff,16,0.2395
l24,WindOff,17,0.5575
l24,WindOff,18,0.4972
l24,WindOff,19,0.4531
l24,WindOff,20,0.8614
l24,WindOff,21,0.3096
l24,WindOff,22,0.1356
l24,WindOff,23,0.5054
l24,WindOff,24,0.392
l25,WindOff,1,1
l25,WindOff,2,0.6827
l25,WindOff,3,0.3895
l25,WindOff,4,0.2148
l25,WindOff,5,0
l25,WindOff,6,0.2232
l25,WindOff,7,0.531
l25,WindOff,8,0.8854
l25,WindOff,9,0.8029
l25,WindOff,10,0.5619
l25,WindOff,11,0.4127
l25,WindOff,12,0.5726
l25,WindOff,13,0.36
l25,WindOff,14,0.964
l25,WindOff,15,0.4489
l25,WindOff,16,0.4767
l25,WindOff,17,0
l25,WindOff,18,0.4472
l25,WindOff,19,0.7259
l25,WindOff,20,0.2117
l25,WindOff,21,0.2973
l25,WindOff,22,0.714
l25,WindOff,23,0.1013
l25,WindOff,24,0.7856
l26,WindOff,1,0.3563
l26,WindOff,2,0.3951
l26,WindOff,3,0.1966
l26,WindOff,4,0.6021
l26,WindOff,5,1
l26,WindOff,6,0.711
l26,WindOff,7,0.2666
l26,WindOff,8,0.8066
l26,WindOff,9,0.4145
l26,WindOff,10,0.8711
l26,WindOff,11,0.7178
l26,WindOff,12,0
l26,WindOff,13,0.2289
l26,WindOff,14,0.755
l26,WindOff,15,0.5409
l26,WindOff,16,0.2236
l26,WindOff,17,0.3289
l26,WindOff,18,0
l26,WindOff,19,0.4761
l26,WindOff,20,1
l26,WindOff,21,0.7173
l26,WindOff,22,1
l26,WindOff,23,0.7382
l26,WindOff,24,0.7774
l27,WindOff,1,0
l27,WindOff,2,0
l27,WindOff,3,0
l27,WindOff,4,0
l27,WindOff,5,0
l27,WindOff,6,0
l27,WindOff,7,0
l27,WindOff,8,0
l27,WindOff,9,0
l27,WindOff,10,0
l27,WindOff,11,0
l27,WindOff,12,0
l27,WindOff,13,0
l27,WindOff,14,0
l27,WindOff,15,0
l27,WindOff,16,0
l27,WindOff,17,0
l27,WindOff,18,0
l27,WindOff,19,0
l27,WindOff,20,0
l27,WindOff,21,0
l27,WindOff,22,0
l27,WindOff,23,0
l27,WindOff,24,0
l28,WindOff,1,1
l28,WindOff,2,0.6019
l28,WindOff,3,0.4494
l28,WindOff,4,0.7788
l28,WindOff,5,0.8925
l28,WindOff,6,0.3704
l28,WindOff,7,0.3052
l28,WindOff,8,0.5375
l28,WindOff,9,0.7245
l28,WindOff,10,0.7155
l28,WindOff,11,0.1155
l28,WindOff,12,1
l28,WindOff,13,0.3269
l28,WindOff,14,0.4284
l28,WindOff,15,0.2563
l28,WindOff,16,1
l28,WindOff,17,0.5654
l28,WindOff,18,0.2702
l28,WindOff,19,0.7333
l28,WindOff,20,0.7077
l28,WindOff,21,0.4493
l28,WindOff,22,0.727
l28,WindOff,23,0.2772
l28,WindOff,24,0.3669
l29,WindOff,1,0
l29,WindOff,2,0.1425
l29,WindOff,3,0.9881
l29,WindOff,4,0.9432
l29,WindOff,5,0.5178
l29,WindOff,6,0.949
l29,WindOff,7,0.4568
l29,WindOff,8,0.4343
l29,WindOff,9,0.5153
l29,WindOff,10,0.4663
l29,WindOff,11,0.4419
l29,WindOff,12,0.8087
l29,WindOff,13,0.5405
l29,WindOff,14,0.6924
l29,WindOff,15,0.7785
l29,WindOff,16,0.6048
l29,WindOff,17,0.238
l29,WindOff,18,0.1347
l29,WindOff,19,0.5402
l29,WindOff,20,0.4538
l29,WindOff,21,0.5236
l29,WindOff,22,0.4957
l29,WindOff,23,1
l29,WindOff,24,0.1408
l30,WindOff,1,0
l30,WindOff,2,0
l30,WindOff,3,0
l30,WindOff,4,0
l30,WindOff,5,0
l30,WindOff,6,0
l30,WindOff,7,0
l30,WindOff,8,0
l30,WindOff,9,0
l30,WindOff,10,0
l30,WindOff,11,0
l30,WindOff,12,0
l30,WindOff,13,0
l30,WindOff,14,0
l30,WindOff,15,0
l30,WindOff,16,0
l30,WindOff,17,0
l30,WindOff,18,0
l30,WindOff,19,0
l30,WindOff,20,0
l30,WindOff,21,0
l30,WindOff,22,0
l30,WindOff,23,0
l30,WindOff,24,0
l31,WindOff,1,0
l31,WindOff,2,0.5897
l31,WindOff,3,0.3984
l31,WindOff,4,0.5853
l31,WindOff,5,0.6576
l31,WindOff,6,0.8467
l31,WindOff,7,0.093
l31,WindOff,8,0.3497
l31,WindOff,9,0.6158
l31,WindOff,10,0.708
l31,WindOff,11,1
l31,WindOff,12,0.758
l31,WindOff,13,0.4847
l31,WindOff,14,0.2596
l31,WindOff,15,0.3476
l31,WindOff,16,0.34
l31,WindOff,17,0.6769
l31,WindOff,18,0.5694
l31,WindOff,19,0.1426
l31,WindOff,20,0.3823
l31,WindOff,21,0.7369
l31,WindOff,22,0.5949
l31,WindOff,23,0.6535
l31,WindOff,24,0.6034
l32,WindOff,1,0.9391
l32,WindOff,2,0.5637
l32,WindOff,3,0.3958
l32,WindOff,4,0.2527
l32,WindOff,5,0.5674
l32,WindOff,6,0
l32,WindOff,7,0.4502
l32,WindOff,8,0.4444
l32,WindOff,9,0.1316
l32,WindOff,10,0.2494
l32,WindOff,11,0.7186
l32,WindOff,12,0.5623
l32,WindOff,13,0.5275
l32,WindOff,14,0.5827
l32,WindOff,15,0.525
l32,WindOff,16,0.8356
l32,WindOff,17,0.5333
l32,WindOff,18,0.1063
l32,WindOff,19,0.9401
l32,WindOff,20,0.6
l32,WindOff,21,0.3409
l32,WindOff,22,0.1616
l32,WindOff,23,0.6069
l32,WindOff,24,0.4684
l33,WindOff,1,0.925
l33,WindOff,2,0.4066
l33,WindOff,3,0.2739
l33,WindOff,4,0.7419
l33,WindOff,5,0.7498
l33,WindOff,6,0.5455
l33,WindOff,7,0.6826
l33,WindOff,8,0.4898
l33,WindOff,9,0.5631
l33,WindOff,10,0.8145
l33,WindOff,11,0.6688
l33,WindOff,12,0.4543
l33,WindOff,13,0.8651
l33,WindOff,14,0
l33,WindOff,15,1
l33,WindOff,16,0.0394
l33,WindOff,17,0.3307
l33,WindOff,18,0.489
l33,WindOff,19,0.4605
l33,WindOff,20,0.7717
l33,WindOff,21,0.2144
l33,WindOff,22,0.5704
l33,WindOff,23,0.3439
l33,WindOff,24,0.5797
l34,WindOff,1,0.4825
l34,WindOff,2,0.5251
l34,WindOff,3,0.3515
l34,WindOff,4,0.3623
l34,WindOff,5,0.5776
l34,WindOff,6,0.7548
l34,WindOff,7,0.3385
l34,WindOff,8,0.2654
l34,WindOff,9,0.6656
l34,WindOff,10,0.4912
l34,WindOff,11,0.7242
l34,WindOff,12,0.2554
l34,WindOff,13,0.0196
l34,WindOff,14,0.3561
l34,WindOff,15,0.2931
l34,WindOff,16,0.4787
l34,WindOff,17,0.3281
l34,WindOff,18,0.7001
l34,WindOff,19,0.4222
l34,WindOff,20,0.5406
l34,WindOff,21,0.5426
l34,WindOff,22,0.5526
l34,WindOff,23,0.4935
l34,WindOff,24,0.6379
l35,WindOff,1,0.2852
l35,WindOff,2,0.8778
l35,WindOff,3,0.4361
l35,WindOff,4,0.1459
l35,WindOff,5,0.5508
l35,WindOff,6,0.2702
l35,WindOff,7,0.6796
l35,WindOff,8,1
l35,WindOff,9,0.2876
l35,WindOff,10,0.5897
l35,WindOff,11,0.026
l35,WindOff,12,0.6226
l35,WindOff,13,0.2609
l35,WindOff,14,0.3313
l35,WindOff,15,0.2027
l35,WindOff,16,0.6977
l35,WindOff,17,0.772
l35,WindOff,18,0.5063
l35,WindOff,19,0.2666
l35,WindOff,20,0.9292
l35,WindOff,21,0.2974
l35,WindOff,22,0
l35,WindOff,23,0.6238
l35,WindOff,24,0.2017
l36,WindOff,1,0
l36,WindOff,2,0
l36,WindOff,3,0
l36,WindOff,4,0
l36,WindOff,5,0
l36,WindOff,6,0
l36,WindOff,7,0
l36,WindOff,8,0
l36,WindOff,9,0
l36,WindOff,10,0
l36,WindOff,11,0
l36,WindOff,12,0
l36,WindOff,13,0
l36,WindOff,14,0
l36,WindOff,15,0
l36,WindOff,16,0
l36,WindOff,17,0
l36,WindOff,18,0
l36,WindOff,19,0
l36,WindOff,20,0
l36,WindOff,21,0
l36,WindOff,22,0
l36,WindOff,23,0
l36,WindOff,24,0
l37,WindOff,1,0.7669
l37,WindOff,2,0.3971
l37,WindOff,3,0.663
l37,WindOff,4,0.8784
l37,WindOff,5,0.1736
l37,WindOff,6,0.3472
l37,WindOff,7,0.4796
l37,WindOff,8,0.9151
l37,WindOff,9,0.3222
l37,WindOff,10,0.3395
l37,WindOff,11,0.6291
l37,WindOff,12,0.3441
l37,WindOff,13,0.5412
l37,WindOff,14,0.0811
l37,WindOff,15,1
l37,WindOff,16,0.1361
l37,WindOff,17,0.4131
l37,WindOff,18,0.4912
l37,WindOff,19,1
l37,WindOff,20,0.1423
l37,WindOff,21,1
l37,WindOff,22,0.7044
l37,WindOff,23,0.6126
l37,WindOff,24,0.2341
l38,WindOff,1,0
l38,WindOff,2,0
l38,WindOff,3,0
l38,WindOff,4,0
l38,WindOff,5,0
l38,WindOff,6,0
l38,WindOff,7,0
l38,WindOff,8,0
l38,WindOff,9,0
l38,WindOff,10,0
l38,WindOff,11,0
l38,WindOff,12,0
l38,WindOff,13,0
l38,WindOff,14,0
l38,WindOff,15,0
l38,WindOff,16,0
l38,WindOff,17,0
l38,WindOff,18,0
l38,WindOff,19,0
l38,WindOff,20,0
l38,WindOff,21,0
l38,WindOff,22,0
l38,WindOff,23,0
l38,WindOff,24,0
l39,WindOff,1,0
l39,WindOff,2,0
l39,WindOff,3,0
l39,WindOff,4,0
l39,WindOff,5,0
l39,WindOff,6,0
l39,WindOff,7,0
l39,WindOff,8,0
l39,WindOff,9,0
l39,WindOff,10,0
l39,WindOff,11,0
l39,WindOff,12,0
l39,WindOff,13,0
l39,WindOff,14,0
l39,WindOff,15,0
l39,WindOff,16,0
l39,WindOff,17,0
l39,WindOff,18,0
l39,WindOff,19,0
l39,WindOff,20,0
l39,WindOff,21,0
l39,WindOff,22,0
l39,WindOff,23,0
l39,WindOff,24,0
l40,WindOff,1,0.6542
l40,WindOff,2,0.3047
l40,WindOff,3,0.842
l40,WindOff,4,0.2378
l40,WindOff,5,0.4694
l40,WindOff,6,0.3501
l40,WindOff,7,0.2334
l40,WindOff,8,0.7002
l40,WindOff,9,0.6446
l40,WindOff,10,0.8264
l40,WindOff,11,0.0194
l40,WindOff,12,0.7873
l40,WindOff,13,1
l40,WindOff,14,0.3781
l40,WindOff,15,1
l40,WindOff,16,0.4289
l40,WindOff,17,0.1294
l40,WindOff,18,0.4175
l40,WindOff,19,0.783
l40,WindOff,20,0.2737
l40,WindOff,21,0.3379
l40,WindOff,22,0.6603
l40,WindOff,23,0.5008
l40,WindOff,24,0.6578
l41,WindOff,1,0.5642
l41,WindOff,2,0.6295
l41,WindOff,3,0.3833
l41,WindOff,4,0.5626
l41,WindOff,5,0.2496
l41,WindOff,6,0.8479
l41,WindOff,7,0.3287
l41,WindOff,8,0.8048
l41,WindOff,9,0.4369
l41,WindOff,10,0.5545
l41,WindOff,11,0.3664
l41,WindOff,12,0.2257
l41,WindOff,13,0.0289
l41,WindOff,14,0.2151
l41,WindOff,15,0.4125
l41,WindOff,16,0.5572
l41,WindOff,17,0.7728
l41,WindOff,18,0.3796
l41,WindOff,19,0.2619
l41,WindOff,20,0.1105
l41,WindOff,21,0.6296
l41,WindOff,22,0.8735
l41,WindOff,23,0.8419
l41,WindOff,24,0.6917
l42,WindOff,1,0.6724
l42,WindOff,2,0.9584
l42,WindOff,3,0.5897
l42,WindOff,4,0.6745
l42,WindOff,5,0.4134
l42,WindOff,6,0.1322
l42,WindOff,7,0.3154
l42,WindOff,8,0.4975
l42,WindOff,9,0.5164
l42,WindOff,10,1
l42,WindOff,11,0.5219
l42,WindOff,12,0.8183
l42,WindOff,13,0.3825
l42,WindOff,14,0.4158
l42,WindOff,15,0.1412
l42,WindOff,16,0.2996
l42,WindOff,17,0.6423
l42,WindOff,18,0.502
l42,WindOff,19,0.7546
l42,WindOff,20,0.5489
l42,WindOff,21,0.4048
l42,WindOff,22,1
l42,WindOff,23,0.4746
l42,WindOff,24,0.814
l43,WindOff,1,0.3917
l43,WindOff,2,0.6916
l43,WindOff,3,0.7506
l43,WindOff,4,0.5563
l43,WindOff,5,0
l43,WindOff,6,0.5049
l43,WindOff,7,0.8322
l43,WindOff,8,0.6424
l43,WindOff,9,0.6204
l43,WindOff,10,0.035
l43,WindOff,11,0.3055
l43,WindOff,12,0.6111
l43,WindOff,13,0.6108
l43,WindOff,14,0.828
l43,WindOff,15,0.4609
l43,WindOff,16,0.6096
l43,WindOff,17,0.5044
l43,WindOff,18,0.2335
l43,WindOff,19,0
l43,WindOff,20,0.6164
l43,WindOff,21,0.547
l43,WindOff,22,0.3331
l43,WindOff,23,0.0628
l43,WindOff,24,0.67
l44,WindOff,1,0
l44,WindOff,2,0
l44,WindOff,3,0
l44,WindOff,4,0
l44,WindOff,5,0
l44,WindOff,6,0
l44,WindOff,7,0
l44,WindOff,8,0
l44,WindOff,9,0
l44,WindOff,10,0
l44,WindOff,11,0
l44,WindOff,12,0
l44,WindOff,13,0
l44,WindOff,14,0
l44,WindOff,15,0
l44,WindOff,16,0
l44,WindOff,17,0
l44,WindOff,18,0
l44,WindOff,19,0
l44,WindOff,20,0
l44,WindOff,21,0
l44,WindOff,22,0
l44,WindOff,23,0
l44,WindOff,24,0
l45,WindOff,1,0.4282
l45,WindOff,2,0.6504
l45,WindOff,3,1
l45,WindOff,4,0
l45,WindOff,5,0.3111
l45,WindOff,6,0.4435
l45,WindOff,7,0.8928
l45,WindOff,8,0.0582
l45,WindOff,9,1
l45,WindOff,10,0.5367
l45,WindOff,11,0.4741
l45,WindOff,12,0.4465
l45,WindOff,13,0.3822
l45,WindOff,14,0.783
l45,WindOff,15,0.2115
l45,WindOff,16,0.5933
l45,WindOff,17,0.3963
l45,WindOff,18,0.2942
l45,WindOff,19,1
l45,WindOff,20,0.6131
l45,WindOff,21,0.6656
l45,WindOff,22,0.8072
l45,WindOff,23,0.1162
l45,WindOff,24,0.9731
l46,WindOff,1,0
l46,WindOff,2,0.2924
l46,WindOff,3,0.3761
l46,WindOff,4,0.6571
l46,WindOff,5,0.5591
l46,WindOff,6,0.455
l46,WindOff,7,0.4968
l46,WindOff,8,0.2359
l46,WindOff,9,0.0957
l46,WindOff,10,0.6962
l46,WindOff,11,0.6873
l46,WindOff,12,0.9278
l46,WindOff,13,0.2867
l46,WindOff,14,0.6871
l46,WindOff,15,0.4234
l46,WindOff,16,0.8214
l46,WindOff,17,0.7759
l46,WindOff,18,0.557
l46,WindOff,19,0.4083
l46,WindOff,20,0.7595
l46,WindOff,21,0.6747
l46,WindOff,22,0.3152
l46,WindOff,23,0.1415
l46,WindOff,24,0.4221
l47,WindOff,1,0.9092
l47,WindOff,2,0.8096
l47,WindOff,3,0.1997
l47,WindOff,4,0.1847
l47,WindOff,5,0.8442
l47,WindOff,6,0.1934
l47,WindOff,7,0.6375
l47,WindOff,8,0.3337
l47,WindOff,9,0.9366
l47,WindOff,10,0.292
l47,WindOff,11,0.8087
l47,WindOff,12,0.5499
l47,WindOff,13,0.5681
l47,WindOff,14,0
l47,WindOff,15,0
l47,WindOff,16,0.4404
l47,WindOff,17,0.5667
l47,WindOff,18,0.1962
l47,WindOff,19,0.2061
l47,WindOff,20,0.6516
l47,WindOff,21,0.652
l47,WindOff,22,0.4628
l47,WindOff,23,0.7107
l47,WindOff,24,0.183
l48,WindOff,1,0.4039
l48,WindOff,2,0.9449
l48,WindOff,3,0.5184
l48,WindOff,4,0.5341
l48,WindOff,5,1
l48,WindOff,6,0.1222
l48,WindOff,7,0.715
l48,WindOff,8,0.9493
l48,WindOff,9,0.4123
l48,WindOff,10,0.7321
l48,WindOff,11,0.2349
l48,WindOff,12,0.3146
l48,WindOff,13,0.6039
l48,WindOff,14,0.7156
l48,WindOff,15,0.8027
l48,WindOff,16,0.9238
l48,WindOff,17,0.4818
l48,WindOff,18,0.8223
l48,WindOff,19,0.4076
l48,WindOff,20,0.7436
l48,WindOff,21,0.556
l48,WindOff,22,0.6203
l48,WindOff,23,0.6143
l48,WindOff,24,0.0667
l49,WindOff,1,0.1965
l49,WindOff,2,0.5277
l49,WindOff,3,0.0444
l49,WindOff,4,0.7244
l49,WindOff,5,0.7353
l49,WindOff,6,0.5883
l49,WindOff,7,0.1973
l49,WindOff,8,0.8726
l49,WindOff,9,1
l49,WindOff,10,0.5397
l49,WindOff,11,0.6378
l49,WindOff,12,0.5545
l49,WindOff,13,0.6432
l49,WindOff,14,0.4677
l49,WindOff,15,0.4907
l49,WindOff,16,0.7445
l49,WindOff,17,1
l49,WindOff,18,0.122
l49,WindOff,19,0.472
l49,WindOff,20,0.1813
l49,WindOff,21,0.9298
l49,WindOff,22,0.3413
l49,WindOff,23,0.1103
l49,WindOff,24,0.6723
l50,WindOff,1,0.971
l50,WindOff,2,0.6792
l50,WindOff,3,0.5553
l50,WindOff,4,0.6105
l50,WindOff,5,0.882
l50,WindOff,6,0.264
l50,WindOff,7,0.4698
l50,WindOff,8,0.3778
l50,WindOff,9,0.1847
l50,WindOff,10,0.4113
l50,WindOff,11,0.7991
l50,WindOff,12,0.653
l50,WindOff,13,0.674
l50,WindOff,14,0.5395
l50,WindOff,15,0.6413
l50,WindOff,16,0.2838
l50,WindOff,17,0.4164
l50,WindOff,18,0.5518
l50,WindOff,19,0.5749
l50,WindOff,20,0.5865
l50,WindOff,21,0.4626
l50,WindOff,22,0.3981
l50,WindOff,23,1
l50,WindOff,24,0.7448
l51,WindOff,1,0.6115
l51,WindOff,2,0.437
l51,WindOff,3,0.3782
l51,WindOff,4,0.4647
l51,WindOff,5,0.5791
l51,WindOff,6,0
l51,WindOff,7,0.0763
l51,WindOff,8,0.328
l51,WindOff,9,0.5559
l51,WindOff,10,0.4354
l51,WindOff,11,0.8991
l51,WindOff,12,0.0998
l51,WindOff,13,0.2971
l51,WindOff,14,0.9104
l51,WindOff,15,0.5354
l51,WindOff,16,0.7389
l51,WindOff,17,1
l51,WindOff,18,0.3127
l51,WindOff,19,0.4732
l51,WindOff,20,0.4264
l51,WindOff,21,0
l51,WindOff,22,0.4162
l51,WindOff,23,0.7379
l51,WindOff,24,0.646
l52,WindOff,1,0.6672
l52,WindOff,2,0.3986
l52,WindOff,3,0.3229
l52,WindOff,4,0.8427
l52,WindOff,5,0.3657
l52,WindOff,6,0.5794
l52,WindOff,7,0.5441
l52,WindOff,8,0.8947
l52,WindOff,9,0.7623
l52,WindOff,10,0.1503
l52,WindOff,11,0.1794
l52,WindOff,12,0.6563
l52,WindOff,13,0.4826
l52,WindOff,14,0.3771
l52,WindOff,15,0.7742
l52,WindOff,16,0.5506
l52,WindOff,17,0.5142
l52,WindOff,18,0.7106
l52,WindOff,19,0.3987
l52,WindOff,20,0.9235
l52,WindOff,21,0.2872
l52,WindOff,22,0.6774
l52,WindOff,23,0.8871
l52,WindOff,24,0.1281
l53,WindOff,1,0.4073
l53,WindOff,2,0.8084
l53,WindOff,3,0.8125
l53,WindOff,4,0.4537
l53,WindOff,5,0.3016
l53,WindOff,6,0.7581
l53,WindOff,7,0.8196
l53,WindOff,8,0.1855
l53,WindOff,9,0.1749
l53,WindOff,10,0.5608
l53,WindOff,11,0.6699
l53,WindOff,12,0.4193
l53,WindOff,13,0.6834
l53,WindOff,14,0.3083
l53,WindOff,15,0
l53,WindOff,16,0.3855
l53,WindOff,17,0.5171
l53,WindOff,18,0.4255
l53,WindOff,19,0.1872
l53,WindOff,20,0.0098
l53,WindOff,21,0.3612
l53,WindOff,22,0.7424
l53,WindOff,23,0.8392
l53,WindOff,24,0.8207
l54,WindOff,1,0.2797
l54,WindOff,2,0.1885
l54,WindOff,3,0.6341
l54,WindOff,4,0.6715
l54,WindOff,5,0.608
l54,WindOff,6,0
l54,WindOff,7,0.2659
l54,WindOff,8,0.492
l54,WindOff,9,0.6315
l54,WindOff,10,0.7072
l54,WindOff,11,0.5389
l54,WindOff,12,0.5893
l54,WindOff,13,0.5229
l54,WindOff,14,0.6851
l54,WindOff,15,0.5845
l54,WindOff,16,0.5177
l54,WindOff,17,0.4275
l54,WindOff,18,0.5219
l54,WindOff,19,0.6308
l54,WindOff,20,0.5722
l54,WindOff,21,0.6028
l54,WindOff,22,0.8625
l54,WindOff,23,0.5716
l54,WindOff,24,0.3248
l55,WindOff,1,0.7386
l55,WindOff,2,0.1311
l55,WindOff,3,0.208
l55,WindOff,4,0.5907
l55,WindOff,5,0.6394
l55,WindOff,6,0.1638
l55,WindOff,7,0.3966
l55,WindOff,8,0.3364
l55,WindOff,9,0.3686
l55,WindOff,10,0.7548
l55,WindOff,11,0.6908
l55,WindOff,12,0.4948
l55,WindOff,13,0.3526
l55,WindOff,14,0.1356
l55,WindOff,15,0.8834
l55,WindOff,16,0.6599
l55,WindOff,17,0.3092
l55,WindOff,18,0.6943
l55,WindOff,19,0.481
l55,WindOff,20,0.4225
l55,WindOff,21,0.6175
l55,WindOff,22,0.2998
l55,WindOff,23,0.4072
l55,WindOff,24,0.5328
l56,WindOff,1,0.3651
l56,WindOff,2,0.6807
l56,WindOff,3,1
l56,WindOff,4,0.2963
l56,WindOff,5,0.0504
l56,WindOff,6,0
l56,WindOff,7,0.4594
l56,WindOff,8,0.3209
l56,WindOff,9,0.5561
l56,WindOff,10,0.5358
l56,WindOff,11,0.0671
l56,WindOff,12,0.01
l56,WindOff,13,0.5799
l56,WindOff,14,0.5366
l56,WindOff,15,0.385
l56,WindOff,16,0.0526
l56,WindOff,17,0.6273
l56,WindOff,18,0.8434
l56,WindOff,19,0.5751
l56,WindOff,20,0.2712
l56,WindOff,21,0.512
l56,WindOff,22,0.1311
l56,WindOff,23,0.7856
l56,WindOff,24,0.5221
l57,WindOff,1,0.0226
l57,WindOff,2,0.4188
l57,WindOff,3,0.6251
l57,WindOff,4,0.4101
l57,WindOff,5,0.4255
l57,WindOff,6,0.1694
l57,WindOff,7,0.653
l57,WindOff,8,0.3249
l57,WindOff,9,0
l57,WindOff,10,0.3998
l57,WindOff,11,0.7649
l57,WindOff,12,0.3955
l57,WindOff,13,0.9693
l57,WindOff,14,0.6158
l57,WindOff,15,0.5915
l57,WindOff,16,0.4653
l57,WindOff,17,0.4816
l57,WindOff,18,0.4289
l57,WindOff,19,0.4184
l57,WindOff,20,0.6433
l57,WindOff,21,0.2473
l57,WindOff,22,0.2095
l57,WindOff,23,0.1967
l57,WindOff,24,1
l58,WindOff,1,0.6432
l58,WindOff,2,0.5822
l58,WindOff,3,0.2145
l58,WindOff,4,0.6683
l58,WindOff,5,0.4685
l58,WindOff,6,0.5578
l58,WindOff,7,0.2363
l58,WindOff,8,0.5433
l58,WindOff,9,0.3856
l58,WindOff,10,0.2933
l58,WindOff,11,0.6982
l58,WindOff,12,0.0848
l58,WindOff,13,0.6525
l58,WindOff,14,0.6848
l58,WindOff,15,0.2625
l58,WindOff,16,0.2785
l58,WindOff,17,0.4398
l58,WindOff,18,0.5761
l58,WindOff,19,0.4587
l58,WindOff,20,0.6171
l58,WindOff,21,0.976
l58,WindOff,22,0.3629
l58,WindOff,23,0.0369
l58,WindOff,24,0.723
l59,WindOff,1,0
l59,WindOff,2,0
l59,WindOff,3,0
l59,WindOff,4,0
l59,WindOff,5,0
l59,WindOff,6,0
l59,WindOff,7,0
l59,WindOff,8,0
l59,WindOff,9,0
l59,WindOff,10,0
l59,WindOff,11,0
l59,WindOff,12,0
l59,WindOff,13,0
l59,WindOff,14,0
l59,WindOff,15,0
l59,WindOff,16,0
l59,WindOff,17,0
l59,WindOff,18,0
l59,WindOff,19,0
l59,WindOff,20,0
l59,WindOff,21,0
l59,WindOff,22,0
l59,WindOff,23,0
l59,WindOff,24,0
l60,WindOff,1,0.9545
l60,WindOff,2,0.606
l60,WindOff,3,0.2063
l60,WindOff,4,0.4665
l60,WindOff,5,0.198
l60,WindOff,6,0.6736
l60,WindOff,7,0.1352
l60,WindOff,8,0.419
l60,WindOff,9,0.2288
l60,WindOff,10,0.5342
l60,WindOff,11,0.4011
l60,WindOff,12,0.5477
l60,WindOff,13,0.506
l60,WindOff,14,0.2336
l60,WindOff,15,0.6693
l60,WindOff,16,0.4868
l60,WindOff,17,0.2331
l60,WindOff,18,1
l60,WindOff,19,0.6286
l60,WindOff,20,0.4586
l60,WindOff,21,0.8821
l60,WindOff,22,0.9973
l60,WindOff,23,0.4608
l60,WindOff,24,0.5938
l61,WindOff,1,0.2332
l61,WindOff,2,0.4603
l61,WindOff,3,0.4463
l61,WindOff,4,0.5499
l61,WindOff,5,0.5898
l61,WindOff,6,0.6512
l61,WindOff,7,0.5642
l61,WindOff,8,0.1731
l61,WindOff,9,0.2466
l61,WindOff,10,0.3525
l61,WindOff,11,0.4238
l61,WindOff,12,0.7837
l61,WindOff,13,0.186
l61,WindOff,14,0.4035
l61,WindOff,15,0.7573
l61,WindOff,16,0.419
l61,WindOff,17,0.6243
l61,WindOff,18,0.4623
l61,WindOff,19,0.5693
l61,WindOff,20,0.4383
l61,WindOff,21,0.6801
l61,WindOff,22,0.0828
l61,WindOff,23,0.4019
l61,WindOff,24,0.5801
l62,WindOff,1,0
l62,WindOff,2,0
l62,WindOff,3,0
l62,WindOff,4,0
l62,WindOff,5,0
l62,WindOff,6,0
l62,WindOff,7,0
l62,WindOff,8,0
l62,WindOff,9,0
l62,WindOff,10,0
l62,WindOff,11,0
l62,WindOff,12,0
l62,WindOff,13,0
l62,WindOff,14,0
l62,WindOff,15,0
l62,WindOff,16,0
l62,WindOff,17,0
l62,WindOff,18,0
l62,WindOff,19,0
l62,WindOff,20,0
l62,WindOff,21,0
l62,WindOff,22,0
l62,WindOff,23,0
l62,WindOff,24,0
l63,WindOff,1,0
l63,WindOff,2,0
l63,WindOff,3,0
l63,WindOff,4,0
l63,WindOff,5,0
l63,WindOff,6,0
l63,WindOff,7,0
l63,WindOff,8,0
l63,WindOff,9,0
l63,WindOff,10,0
l63,WindOff,11,0
l63,WindOff,12,0
l63,WindOff,13,0
l63,WindOff,14,0
l63,WindOff,15,0
l63,WindOff,16,0
l63,WindOff,17,0
l63,WindOff,18,0
l63,WindOff,19,0
l63,WindOff,20,0
l63,WindOff,21,0
l63,WindOff,22,0
l63,WindOff,23,0
l63,WindOff,24,0
l0,WindOn,1,0.0929
l0,WindOn,2,0.4762
l0,WindOn,3,0.3095
l0,WindOn,4,0.4389
l0,WindOn,5,0.2127
l0,WindOn,6,0.5143
l0,WindOn,7,0.359
l0,WindOn,8,0.1641
l0,WindOn,9,0.2976
l0,WindOn,10,0.2521
l0,WindOn,11,0.3978
l0,WindOn,12,0.064
l0,WindOn,13,0.2941
l0,WindOn,14,0.3791
l0,WindOn,15,0.3066
l0,WindOn,16,0.5694
l0,WindOn,17,0.4548
l0,WindOn,18,0.2985
l0,WindOn,19,0.3433
l0,WindOn,20,0.3591
l0,WindOn,21,0.3807
l0,WindOn,22,0
l0,WindOn,23,0.2397
l0,WindOn,24,0.0031
l1,WindOn,1,0.5557
l1,WindOn,2,0.2878
l1,WindOn,3,0.2613
l1,WindOn,4,0.4794
l1,WindOn,5,0.3845
l1,WindOn,6,0.0743
l1,WindOn,7,0.2858
l1,WindOn,8,0.233
l1,WindOn,9,0
l1,WindOn,10,0.1619
l1,WindOn,11,0.2633
l1,WindOn,12,0.277
l1,WindOn,13,0.0036
l1,WindOn,14,0.5303
l1,WindOn,15,0.2796
l1,WindOn,16,0.3075
l1,WindOn,17,0.3801
l1,WindOn,18,0.1424
l1,WindOn,19,0.3913
l1,WindOn,20,0.2266
l1,WindOn,21,0.1207
l1,WindOn,22,0.4147
l1,WindOn,23,0.5983
l1,WindOn,24,0.445
l2,WindOn,1,0.4846
l2,WindOn,2,0.1959
l2,WindOn,3,0
l2,WindOn,4,0.598
l2,WindOn,5,0.7109
l2,WindOn,6,0.6086
l2,WindOn,7,0.2328
l2,WindOn,8,0.0691
l2,WindOn,9,0.0869
l2,WindOn,10,0
l2,WindOn,11,0.2785
l2,WindOn,12,0.6211
l2,WindOn,13,0.2717
l2,WindOn,14,0.3605
l2,WindOn,15,0.5751
l2,WindOn,16,0.2192
l2,WindOn,17,0.7071
l2,WindOn,18,0.6984
l2,WindOn,19,0.2738
l2,WindOn,20,0.1845
l2,WindOn,21,0.4394
l2,WindOn,22,0.2305
l2,WindOn,23,0.0687
l2,WindOn,24,0.5562
l3,WindOn,1,0.5433
l3,WindOn,2,0.3311
l3,WindOn,3,0.0474
l3,WindOn,4,0.0541
l3,WindOn,5,0.3214
l3,WindOn,6,0.2
l3,WindOn,7,0.2318
l3,WindOn,8,0.5044
l3,WindOn,9,0.4466
l3,WindOn,10,0.5756
l3,WindOn,11,0.1019
l3,WindOn,12,0.2314
l3,WindOn,13,0.4518
l3,WindOn,14,0.3896
l3,WindOn,15,0.6065
l3,WindOn,16,0.3841
l3,WindOn,17,0.6696
l3,WindOn,18,0.408
l3,WindOn,19,0.5124
l3,WindOn,20,0.2353
l3,WindOn,21,0.3029
l3,WindOn,22,0.4822
l3,WindOn,23,0.6226
l3,WindOn,24,0.4458
l4,WindOn,1,0.2834
l4,WindOn,2,0.5755
l4,WindOn,3,0
l4,WindOn,4,0.0156
l4,WindOn,5,0.4363
l4,WindOn,6,0.3028
l4,WindOn,7,0.4211
l4,WindOn,8,0.3129
l4,WindOn,9,0.4142
l4,WindOn,10,0.1371
l4,WindOn,11,0.4141
l4,WindOn,12,0.4989
l4,WindOn,13,0.5441
l4,WindOn,14,0.7027
l4,WindOn,15,0.3488
l4,WindOn,16,0.3548
l4,WindOn,17,0
l4,WindOn,18,0.1937
l4,WindOn,19,0.2614
l4,WindOn,20,0.5101
l4,WindOn,21,0.1778
l4,WindOn,22,0.4593
l4,WindOn,23,0.2997
l4,WindOn,24,0.2646
l5,WindOn,1,0.3498
l5,WindOn,2,0.2218
l5,WindOn,3,0.2142
l5,WindOn,4,0
l5,WindOn,5,0.2504
l5,WindOn,6,0.204
l5,WindOn,7,0.1968
l5,WindOn,8,0.3834
l5,WindOn,9,0.4317
l5,WindOn,10,0.3464
l5,WindOn,11,0.4991
l5,WindOn,12,0.4151
l5,WindOn,13,0.241
l5,WindOn,14,0.2074
l5,WindOn,15,0.3626
l5,WindOn,16,0.4148
l5,WindOn,17,0.5796
l5,WindOn,18,0.5382
l5,WindOn,19,0.1917
l5,WindOn,20,0.2796
l5,WindOn,21,0.4342
l5,WindOn,22,0.5136
l5,WindOn,23,0.4878
l5,WindOn,24,0.2872
l6,WindOn,1,0.0492
l6,WindOn,2,0.1002
l6,WindOn,3,0.3545
l6,WindOn,4,0.3684
l6,WindOn,5,0.0803
l6,WindOn,6,0.3089
l6,WindOn,7,0.4262
l6,WindOn,8,0.0698
l6,WindOn,9,0.521
l6,WindOn,10,0.2245
l6,WindOn,11,0.5515
l6,WindOn,12,0.1933
l6,WindOn,13,0.0947
l6,WindOn,14,0.2084
l6,WindOn,15,0.281
l6,WindOn,16,0.2223
l6,WindOn,17,0.2568
l6,WindOn,18,0.3668
l6,WindOn,19,0.2658
l6,WindOn,20,0.2868
l6,WindOn,21,0
l6,WindOn,22,0.3783
l6,WindOn,23,0.2822
l6,WindOn,24,0.6221
l7,WindOn,1,0.1121
l7,WindOn,2,0
l7,WindOn,3,0.4236
l7,WindOn,4,0.3693
l7,WindOn,5,0.0983
l7,WindOn,6,0
l7,WindOn,7,0.6075
l7,WindOn,8,0.5828
l7,WindOn,9,0
l7,WindOn,10,0.2084
l7,WindOn,11,0.6328
l7,WindOn,12,0.2048
l7,WindOn,13,0.2019
l7,WindOn,14,0.2434
l7,WindOn,15,0.0758
l7,WindOn,16,0
l7,WindOn,17,0.5105
l7,WindOn,18,0
l7,WindOn,19,0.3495
l7,WindOn,20,0.4773
l7,WindOn,21,0.0098
l7,WindOn,22,0.1151
l7,WindOn,23,0.5426
l7,WindOn,24,0.4066
l8,WindOn,1,0.1765
l8,WindOn,2,0.5404
l8,WindOn,3,0.5413
l8,WindOn,4,0.3538
l8,WindOn,5,0.12
l8,WindOn,6,0.2173
l8,WindOn,7,0.3573
l8,WindOn,8,0.2623
l8,WindOn,9,0.4878
l8,WindOn,10,0
l8,WindOn,11,0.0011
l8,WindOn,12,0.3362
l8,WindOn,13,0.2017
l8,WindOn,14,0.1746
l8,WindOn,15,0
l8,WindOn,16,0.3039
l8,WindOn,17,0.2894
l8,WindOn,18,0.4307
l8,WindOn,19,0.3138
l8,WindOn,20,0.2735
l8,WindOn,21,0.5354
l8,WindOn,22,0.0375
l8,WindOn,23,0.4073
l8,WindOn,24,0
l9,WindOn,1,0.1323
l9,WindOn,2,0.0575
l9,WindOn,3,0.4564
l9,WindOn,4,0.2869
l9,WindOn,5,0.2973
l9,WindOn,6,0.0787
l9,WindOn,7,0.2401
l9,WindOn,8,0.1473
l9,WindOn,9,0.3767
l9,WindOn,10,0.1018
l9,WindOn,11,0.566
l9,WindOn,12,0
l9,WindOn,13,0.1387
l9,WindOn,14,0.6354
l9,WindOn,15,0.213
l9,WindOn,16,0.037
l9,WindOn,17,0.3438
l9,WindOn,18,0.2049
l9,WindOn,19,0.1328
l9,WindOn,20,0.0808
l9,WindOn,21,0.8537
l9,WindOn,22,0.2497
l9,WindOn,23,0
l9,WindOn,24,0.5987
l10,WindOn,1,0.4222
l10,WindOn,2,0.1467
l10,WindOn,3,0.1134
l10,WindOn,4,0.4347
l10,WindOn,5,0.2506
l10,WindOn,6,0
l10,WindOn,7,0.6574
l10,WindOn,8,0.2132
l10,WindOn,9,0.5991
l10,WindOn,10,0.5557
l10,WindOn,11,0.0998
l10,WindOn,12,0.5066
l10,WindOn,13,0.1697
l10,WindOn,14,0
l10,WindOn,15,0.2151
l10,WindOn,16,0.3795
l10,WindOn,17,0.2075
l10,WindOn,18,0.2386
l10,WindOn,19,0.5287
l10,WindOn,20,0.3213
l10,WindOn,21,0.1313
l10,WindOn,22,0.4404
l10,WindOn,23,0.3395
l10,WindOn,24,0
l11,WindOn,1,0.3857
l11,WindOn,2,0.3784
l11,WindOn,3,0.304
l11,WindOn,4,0.4783
l11,WindOn,5,0.1655
l11,WindOn,6,0.3673
l11,WindOn,7,0
l11,WindOn,8,0.3814
l11,WindOn,9,0.6906
l11,WindOn,10,0.101
l11,WindOn,11,0.148
l11,WindOn,12,0.158
l11,WindOn,13,0.326
l11,WindOn,14,0.0874
l11,WindOn,15,0.3842
l11,WindOn,16,0.4694
l11,WindOn,17,0.4069
l11,WindOn,18,0
l11,WindOn,19,0.499
l11,WindOn,20,0.4875
l11,WindOn,21,0.466
l11,WindOn,22,0.3746
l11,WindOn,23,0.344
l11,WindOn,24,0.5065
l12,WindOn,1,0.6847
l12,WindOn,2,0.1094
l12,WindOn,3,0.5156
l12,WindOn,4,0.2828
l12,WindOn,5,0.2741
l12,WindOn,6,0
l12,WindOn,7,0.243
l12,WindOn,8,0.1005
l12,WindOn,9,0.2072
l12,WindOn,10,0.0804
l12,WindOn,11,0.2102
l12,WindOn,12,0.2188
l12,WindOn,13,0.3194
l12,WindOn,14,0
l12,WindOn,15,0.0109
l12,WindOn,16,0.3724
l12,WindOn,17,0.1405
l12,WindOn,18,0.5149
l12,WindOn,19,0.3451
l12,WindOn,20,0.4214
l12,WindOn,21,0.5821
l12,WindOn,22,0.2381
l12,WindOn,23,0.1851
l12,WindOn,24,0.4743
l13,WindOn,1,0.4019
l13,WindOn,2,0.2625
l13,WindOn,3,0.5783
l13,WindOn,4,0.2576
l13,WindOn,5,0.3066
l13,WindOn,6,0.3042
l13,WindOn,7,0.1131
l13,WindOn,8,0.3155
l13,WindOn,9,0.5794
l13,WindOn,10,0.389
l13,WindOn,11,0.3062
l13,WindOn,12,0.2676
l13,WindOn,13,0.3662
l13,WindOn,14,0.45
l13,WindOn,15,0.4218
l13,WindOn,16,0.2336
l13,WindOn,17,0.365
l13,WindOn,18,0.396
l13,WindOn,19,0.0986
l13,WindOn,20,0.3336
l13,WindOn,21,0
l13,WindOn,22,0.3965
l13,WindOn,23,0.4321
l13,WindOn,24,0.4495
l14,WindOn,1,0.221
l14,WindOn,2,0.3618
l14,WindOn,3,0.5848
l14,WindOn,4,0.5828
l14,WindOn,5,0.2942
l14,WindOn,6,0.3279
l14,WindOn,7,0.5222
l14,WindOn,8,0
l14,WindOn,9,0.2354
l14,WindOn,10,0.5671
l14,WindOn,11,0.495
l14,WindOn,12,0.3739
l14,WindOn,13,0
l14,WindOn,14,0.29
l14,WindOn,15,0.182
l14,WindOn,16,0.3662
l14,WindOn,17,0.1381
l14,WindOn,18,0.0949
l14,WindOn,19,0
l14,WindOn,20,0.5444
l14,WindOn,21,0.22
l14,WindOn,22,0.3314
l14,WindOn,23,0.2996
l14,WindOn,24,0.0865
l15,WindOn,1,0.0482
l15,WindOn,2,0.0989
l15,WindOn,3,0.1554
l15,WindOn,4,0.3733
l15,WindOn,5,0.1409
l15,WindOn,6,0.6493
l15,WindOn,7,0.5054
l15,WindOn,8,0.4617
l15,WindOn,9,0.2761
l15,WindOn,10,0.6029
l15,WindOn,11,0.2564
l15,WindOn,12,0.2937
l15,WindOn,13,0.334
l15,WindOn,14,0.4404
l15,WindOn,15,0.4274
l15,WindOn,16,0.205
l15,WindOn,17,0.1934
l15,WindOn,18,0.428
l15,WindOn,19,0.443
l15,WindOn,20,0.2213
l15,WindOn,21,0
l15,WindOn,22,0.2585
l15,WindOn,23,0.4247
l15,WindOn,24,0.6611
l16,WindOn,1,0.0604
l16,WindOn,2,0.2147
l16,WindOn,3,0.2221
l16,WindOn,4,0.5712
l16,WindOn,5,0.293
l16,WindOn,6,0.1185
l16,WindOn,7,0.4117
l16,WindOn,8,0.2191
l16,WindOn,9,0.0551
l16,WindOn,10,0.1214
l16,WindOn,11,0.6468
l16,WindOn,12,0.3768
l16,WindOn,13,0.3216
l16,WindOn,14,0.25
l16,WindOn,15,0.3584
l16,WindOn,16,0.356
l16,WindOn,17,0.3584
l16,WindOn,18,0.323
l16,WindOn,19,0.4738
l16,WindOn,20,0.3046
l16,WindOn,21,0.1044
l16,WindOn,22,0.1775
l16,WindOn,23,0
l16,WindOn,24,0.7054
l17,WindOn,1,0.4726
l17,WindOn,2,0.134
l17,WindOn,3,0.2436
l17,WindOn,4,0.1726
l17,WindOn,5,0.6085
l17,WindOn,6,0.016
l17,WindOn,7,0.3229
l17,WindOn,8,0.2783
l17,WindOn,9,0.4654
l17,WindOn,10,0.2792
l17,WindOn,11,0
l17,WindOn,12,0.2498
l17,WindOn,13,0.1056
l17,WindOn,14,0.3159
l17,WindOn,15,0.5868
l17,WindOn,16,0
l17,WindOn,17,0.14
l17,WindOn,18,0.1895
l17,WindOn,19,0.2237
l17,WindOn,20,0.448
l17,WindOn,21,0.2653
l17,WindOn,22,0.3832
l17,WindOn,23,0.1748
l17,WindOn,24,0.346
l18,WindOn,1,0.4556
l18,WindOn,2,0.1535
l18,WindOn,3,0.4563
l18,WindOn,4,0.3105
l18,WindOn,5,0.5091
l18,WindOn,6,0.2597
l18,WindOn,7,0.3762
l18,WindOn,8,0.2919
l18,WindOn,9,0.2808
l18,WindOn,10,0.3518
l18,WindOn,11,0.4074
l18,WindOn,12,0.0501
l18,WindOn,13,0.5867
l18,WindOn,14,0
l18,WindOn,15,0.163
l18,WindOn,16,0.2811
l18,WindOn,17,0.3825
l18,WindOn,18,0.6152
l18,WindOn,19,0
l18,WindOn,20,0.1985
l18,WindOn,21,0
l18,WindOn,22,0.3063
l18,WindOn,23,0.3543
l18,WindOn,24,0.6182
l19,WindOn,1,0.3241
l19,WindOn,2,0.5088
l19,WindOn,3,0.4168
l19,WindOn,4,0.213
l19,WindOn,5,0.0182
l19,WindOn,6,0.355
l19,WindOn,7,0.0016
l19,WindOn,8,0.559
l19,WindOn,9,0.2676
l19,WindOn,10,0.539
l19,WindOn,11,0.204
l19,WindOn,12,0.3538
l19,WindOn,13,0.3419
l19,WindOn,14,0.291
l19,WindOn,15,0.2135
l19,WindOn,16,0.3785
l19,WindOn,17,0.1148
l19,WindOn,18,0.0581
l19,WindOn,19,0.5486
l19,WindOn,20,0.4454
l19,WindOn,21,0.3132
l19,WindOn,22,0.633
l19,WindOn,23,0.2464
l19,WindOn,24,0.5645
l20,WindOn,1,0.3351
l20,WindOn,2,0.095
l20,WindOn,3,0.6696
l20,WindOn,4,0.4981
l20,WindOn,5,0.2758
l20,WindOn,6,0.4454
l20,WindOn,7,0.2193
l20,WindOn,8,0.4658
l20,WindOn,9,0
l20,WindOn,10,0.096
l20,WindOn,11,0.4959
l20,WindOn,12,0.2501
l20,WindOn,13,0.3415
l20,WindOn,14,0.0306
l20,WindOn,15,0.6696
l20,WindOn,16,0.5381
l20,WindOn,17,0.2599
l20,WindOn,18,0.2191
l20,WindOn,19,0.5059
l20,WindOn,20,0.6965
l20,WindOn,21,0.4908
l20,WindOn,22,0.7344
l20,WindOn,23,0.1155
l20,WindOn,24,0.1361
l21,WindOn,1,0.0622
l21,WindOn,2,0.3884
l21,WindOn,3,0.3351
l21,WindOn,4,0.2696
l21,WindOn,5,0.4619
l21,WindOn,6,0.5465
l21,WindOn,7,0
l21,WindOn,8,0.1806
l21,WindOn,9,0.464
l21,WindOn,10,0.2065
l21,WindOn,11,0.1404
l21,WindOn,12,0.5037
l21,WindOn,13,0.0421
l21,WindOn,14,0.2397
l21,WindOn,15,0.3657
l21,WindOn,16,0.1852
l21,WindOn,17,0.4566
l21,WindOn,18,0.1862
l21,WindOn,19,0.5817
l21,WindOn,20,0.2749
l21,WindOn,21,0.4343
l21,WindOn,22,0.4492
l21,WindOn,23,0.1745
l21,WindOn,24,0
l22,WindOn,1,0.3722
l22,WindOn,2,0.3145
l22,WindOn,3,0.4112
l22,WindOn,4,0.2547
l22,WindOn,5,0.2139
l22,WindOn,6,0.7017
l22,WindOn,7,0.0055
l22,WindOn,8,0.4468
l22,WindOn,9,0.1851
l22,WindOn,10,0.2328
l22,WindOn,11,0.2366
l22,WindOn,12,0.1393
l22,WindOn,13,0.4142
l22,WindOn,14,0.5781
l22,WindOn,15,0.394
l22,WindOn,16,0.3207
l22,WindOn,17,0.1027
l22,WindOn,18,0.4034
l22,WindOn,19,0.7313
l22,WindOn,20,0.2239
l22,WindOn,21,0.2248
l22,WindOn,22,0.1878
l22,WindOn,23,0.2021
l22,WindOn,24,0
l23,WindOn,1,0.381
l23,WindOn,2,0.1309
l23,WindOn,3,0
l23,WindOn,4,0.4506
l23,WindOn,5,0.0836
l23,WindOn,6,0.2323
l23,WindOn,7,0.5933
l23,WindOn,8,0.0182
l23,WindOn,9,0
l23,WindOn,10,0.3539
l23,WindOn,11,0.5299
l23,WindOn,12,0
l23,WindOn,13,0.3815
l23,WindOn,14,0.4162
l23,WindOn,15,0
l23,WindOn,16,0.4597
l23,WindOn,17,0.4753
l23,WindOn,18,0.2376
l23,WindOn,19,0.5505
l23,WindOn,20,0.5273
l23,WindOn,21,0.3206
l23,WindOn,22,0.2097
l23,WindOn,23,0.1054
l23,WindOn,24,0.2925
l24,WindOn,1,0.414
l24,WindOn,2,0.2352
l24,WindOn,3,0
l24,WindOn,4,0.5537
l24,WindOn,5,0.338
l24,WindOn,6,0.2241
l24,WindOn,7,0.4714
l24,WindOn,8,0.6049
l24,WindOn,9,0
l24,WindOn,10,0.3869
l24,WindOn,11,0.0147
l24,WindOn,12,0.3998
l24,WindOn,13,0.3256
l24,WindOn,14,0.4271
l24,WindOn,15,0.2002
l24,WindOn,16,0
l24,WindOn,17,0.2099
l24,WindOn,18,0.3814
l24,WindOn,19,0.5031
l24,WindOn,20,0.0656
l24,WindOn,21,0.5054
l24,WindOn,22,0.1704
l24,WindOn,23,0.3725
l24,WindOn,24,0.198
l25,WindOn,1,0.3364
l25,WindOn,2,0.4784
l25,WindOn,3,0.0546
l25,WindOn,4,0.164
l25,WindOn,5,0.337
l25,WindOn,6,0.7803
l25,WindOn,7,0.1274
l25,WindOn,8,0.708
l25,WindOn,9,0.7009
l25,WindOn,10,0.2805
l25,WindOn,11,0.2404
l25,WindOn,12,0.1616
l25,WindOn,13,0.2864
l25,WindOn,14,0.0187
l25,WindOn,15,0.2848
l25,WindOn,16,0.5994
l25,WindOn,17,0.1778
l25,WindOn,18,0.2519
l25,WindOn,19,0
l25,WindOn,20,0.3748
l25,WindOn,21,0.3529
l25,WindOn,22,0.3127
l25,WindOn,23,0.2566
l25,WindOn,24,0.2414
l26,WindOn,1,0.4004
l26,WindOn,2,0.2942
l26,WindOn,3,0.363
l26,WindOn,4,0.343
l26,WindOn,5,0.5247
l26,WindOn,6,0.4354
l26,WindOn,7,0.3386
l26,WindOn,8,0.6037
l26,WindOn,9,0.3841
l26,WindOn,10,0.561
l26,WindOn,11,0.4214
l26,WindOn,12,0
l26,WindOn,13,0.561
l26,WindOn,14,0.327
l26,WindOn,15,0.2896
l26,WindOn,16,0.3563
l26,WindOn,17,0.231
l26,WindOn,18,0.3454
l26,WindOn,19,0.1816
l26,WindOn,20,0.5549
l26,WindOn,21,0.2773
l26,WindOn,22,0.2235
l26,WindOn,23,0.115
l26,WindOn,24,0.3538
l27,WindOn,1,0.3374
l27,WindOn,2,0.3777
l27,WindOn,3,0.0945
l27,WindOn,4,0
l27,WindOn,5,0.4251
l27,WindOn,6,0.5969
l27,WindOn,7,0.0947
l27,WindOn,8,0.6179
l27,WindOn,9,0.3568
l27,WindOn,10,0.2986
l27,WindOn,11,0.2205
l27,WindOn,12,0.0231
l27,WindOn,13,0.4975
l27,WindOn,14,0.1449
l27,WindOn,15,0.144
l27,WindOn,16,0.4984
l27,WindOn,17,0
l27,WindOn,18,0
l27,WindOn,19,0.2964
l27,WindOn,20,0.3587
l27,WindOn,21,0.3969
l27,WindOn,22,0.2396
l27,WindOn,23,0.8061
l27,WindOn,24,0.2544
l28,WindOn,1,0.2538
l28,WindOn,2,0.1406
l28,WindOn,3,0.3248
l28,WindOn,4,0.423
l28,WindOn,5,0.5407
l28,WindOn,6,0.0021
l28,WindOn,7,0.2508
l28,WindOn,8,0.3893
l28,WindOn,9,0.4174
l28,WindOn,10,0.3013
l28,WindOn,11,0.4085
l28,WindOn,12,0.1382
l28,WindOn,13,0.6116
l28,WindOn,14,0.4985
l28,WindOn,15,0.031
l28,WindOn,16,0.085
l28,WindOn,17,0.0906
l28,WindOn,18,0.4356
l28,WindOn,19,0.0431
l28,WindOn,20,0.2338
l28,WindOn,21,0.3909
l28,WindOn,22,0.2868
l28,WindOn,23,0.3518
l28,WindOn,24,0.0868
l29,WindOn,1,0.419
l29,WindOn,2,0.1774
l29,WindOn,3,0.2351
l29,WindOn,4,0.3475
l29,WindOn,5,0.3206
l29,WindOn,6,0.3048
l29,WindOn,7,0.1499
l29,WindOn,8,0.2401
l29,WindOn,9,0.3004
l29,WindOn,10,0.025
l29,WindOn,11,0.2075
l29,WindOn,12,0.3775
l29,WindOn,13,0.0445
l29,WindOn,14,0.5313
l29,WindOn,15,0.5539
l29,WindOn,16,0.051
l29,WindOn,17,0.5715
l29,WindOn,18,0.2713
l29,WindOn,19,0.3837
l29,WindOn,20,0.2007
l29,WindOn,21,0.4846
l29,WindOn,22,0.3812
l29,WindOn,23,0.1372
l29,WindOn,24,0.067
l30,WindOn,1,0.0079
l30,WindOn,2,0.3376
l30,WindOn,3,0.4145
l30,WindOn,4,0.4302
l30,WindOn,5,0.2764
l30,WindOn,6,0.0686
l30,WindOn,7,0.1636
l30,WindOn,8,0.5305
l30,WindOn,9,0.2031
l30,WindOn,10,0.3287
l30,WindOn,11,0.0849
l30,WindOn,12,0.3673
l30,WindOn,13,0.2085
l30,WindOn,14,0.5093
l30,WindOn,15,0.4547
l30,WindOn,16,0.2009
l30,WindOn,17,0.2747
l30,WindOn,18,0.1898
l30,WindOn,19,0.0161
l30,WindOn,20,0.1285
l30,WindOn,21,0.3396
l30,WindOn,22,0.3651
l30,WindOn,23,0.3297
l30,WindOn,24,0.2397
l31,WindOn,1,0.4866
l31,WindOn,2,0.3127
l31,WindOn,3,0.4407
l31,WindOn,4,0
l31,WindOn,5,0
l31,WindOn,6,0.3568
l31,WindOn,7,0.015
l31,WindOn,8,0.2575
l31,WindOn,9,0.2396
l31,WindOn,10,0.6175
l31,WindOn,11,0.38
l31,WindOn,12,0.3332
l31,WindOn,13,0.4674
l31,WindOn,14,0.3737
l31,WindOn,15,0.2085
l31,WindOn,16,0.5143
l31,WindOn,17,0.078
l31,WindOn,18,0.3646
l31,WindOn,19,0
l31,WindOn,20,0.3408
l31,WindOn,21,0.3386
l31,WindOn,22,0.6353
l31,WindOn,23,0
l31,WindOn,24,0.1798
l32,WindOn,1,0.4645
l32,WindOn,2,0.3671
l32,WindOn,3,0.3361
l32,WindOn,4,0.1088
l32,WindOn,5,0.1818
l32,WindOn,6,0.549
l32,WindOn,7,0.2897
l32,WindOn,8,0.3751
l32,WindOn,9,0.277
l32,WindOn,10,0.0634
l32,WindOn,11,0.4868
l32,WindOn,12,0.4006
l32,WindOn,13,0.7611
l32,WindOn,14,0.0969
l32,WindOn,15,0.4645
l32,WindOn,16,0.0377
l32,WindOn,17,0.3315
l32,WindOn,18,0.4953
l32,WindOn,19,0
l32,WindOn,20,0.259
l32,WindOn,21,0.1874
l32,WindOn,22,0.1596
l32,WindOn,23,0.377
l32,WindOn,24,0.5241
l33,WindOn,1,0.2733
l33,WindOn,2,0.3411
l33,WindOn,3,0.3229
l33,WindOn,4,0.3004
l33,WindOn,5,0.0821
l33,WindOn,6,0.5217
l33,WindOn,7,0.359
l33,WindOn,8,0.379
l33,WindOn,9,0.1387
l33,WindOn,10,0.2082
l33,WindOn,11,0.2648
l33,WindOn,12,0
l33,WindOn,13,0
l33,WindOn,14,0.1799
l33,WindOn,15,0.4045
l33,WindOn,16,0.1694
l33,WindOn,17,0.0962
l33,WindOn,18,0.1371
l33,WindOn,19,0.2089
l33,WindOn,20,0.2292
l33,WindOn,21,0.7331
l33,WindOn,22,0.5109
l33,WindOn,23,0.505
l33,WindOn,24,0.5337
l34,WindOn,1,0.1002
l34,WindOn,2,0.0555
l34,WindOn,3,0.0786
l34,WindOn,4,0.5669
l34,WindOn,5,0.1906
l34,WindOn,6,0.0497
l34,WindOn,7,0.2138
l34,WindOn,8,0.2523
l34,WindOn,9,0.3537
l34,WindOn,10,0.3502
l34,WindOn,11,0.1344
l34,WindOn,12,0.4371
l34,WindOn,13,0.1722
l34,WindOn,14,0.2687
l34,WindOn,15,0.4374
l34,WindOn,16,0.1716
l34,WindOn,17,0.1861
l34,WindOn,18,0.4183
l34,WindOn,19,0.1285
l34,WindOn,20,0.223
l34,WindOn,21,0.4111
l34,WindOn,22,0.7108
l34,WindOn,23,0.4211
l34,WindOn,24,0.3945
l35,WindOn,1,0.4062
l35,WindOn,2,0.0854
l35,WindOn,3,0.3231
l35,WindOn,4,0.294
l35,WindOn,5,0.3643
l35,WindOn,6,0.3233
l35,WindOn,7,0.3759
l35,WindOn,8,0.2377
l35,WindOn,9,0.3117
l35,WindOn,10,0.0544
l35,WindOn,11,0.236
l35,WindOn,12,0.5782
l35,WindOn,13,0.3638
l35,WindOn,14,0.2958
l35,WindOn,15,0.6792
l35,WindOn,16,0.0278
l35,WindOn,17,0.0781
l35,WindOn,18,0.6425
l35,WindOn,19,0.3092
l35,WindOn,20,0.2515
l35,WindOn,21,0.0602
l35,WindOn,22,0.3895
l35,WindOn,23,0.4089
l35,WindOn,24,0.0811
l36,WindOn,1,0.2719
l36,WindOn,2,0.2329
l36,WindOn,3,0.3512
l36,WindOn,4,0.0761
l36,WindOn,5,0.5504
l36,WindOn,6,0.4832
l36,WindOn,7,0.2274
l36,WindOn,8,0.2567
l36,WindOn,9,0.2727
l36,WindOn,10,0.1443
l36,WindOn,11,0.2113
l36,WindOn,12,0.2459
l36,WindOn,13,0.6226
l36,WindOn,14,0.4893
l36,WindOn,15,0.4869
l36,WindOn,16,0.374
l36,WindOn,17,0.0765
l36,WindOn,18,0.2917
l36,WindOn,19,0.4941
l36,WindOn,20,0.0483
l36,WindOn,21,0.4273
l36,WindOn,22,0.7645
l36,WindOn,23,0.5124
l36,WindOn,24,0.5828
l37,WindOn,1,0.3437
l37,WindOn,2,0.4936
l37,WindOn,3,0.1564
l37,WindOn,4,0.4592
l37,WindOn,5,0.4309
l37,WindOn,6,0.358
l37,WindOn,7,0.5632
l37,WindOn,8,0.1922
l37,WindOn,9,0.2626
l37,WindOn,10,0.3191
l37,WindOn,11,0.0941
l37,WindOn,12,0.3454
l37,WindOn,13,0
l37,WindOn,14,0.5094
l37,WindOn,15,0.3093
l37,WindOn,16,0.1958
l37,WindOn,17,0.1331
l37,WindOn,18,0.2531
l37,WindOn,19,0.4377
l37,WindOn,20,0.4095
l37,WindOn,21,0.1589
l37,WindOn,22,0.1308
l37,WindOn,23,0.4314
l37,WindOn,24,0.1555
l38,WindOn,1,0.312
l38,WindOn,2,0.3248
l38,WindOn,3,0.3624
l38,WindOn,4,0.4717
l38,WindOn,5,0.0474
l38,WindOn,6,0
l38,WindOn,7,0.1865
l38,WindOn,8,0.6603
l38,WindOn,9,0.7044
l38,WindOn,10,0.6662
l38,WindOn,11,0.2614
l38,WindOn,12,0
l38,WindOn,13,0
l38,WindOn,14,0.1772
l38,WindOn,15,0.2604
l38,WindOn,16,0.5601
l38,WindOn,17,0.4736
l38,WindOn,18,0.3455
l38,WindOn,19,0.122
l38,WindOn,20,0.1078
l38,WindOn,21,0.3508
l38,WindOn,22,0.4394
l38,WindOn,23,0.3784
l38,WindOn,24,0.0931
l39,WindOn,1,0.4301
l39,WindOn,2,0.3852
l39,WindOn,3,0.0859
l39,WindOn,4,0.1431
l39,WindOn,5,0.4377
l39,WindOn,6,0.2531
l39,WindOn,7,0.6178
l39,WindOn,8,0.4002
l39,WindOn,9,0.2027
l39,WindOn,10,0.298
l39,WindOn,11,0.3127
l39,WindOn,12,0.1543
l39,WindOn,13,0.1175
l39,WindOn,14,0.4403
l39,WindOn,15,0.4691
l39,WindOn,16,0.4208
l39,WindOn,17,0.6031
l39,WindOn,18,0.1916
l39,WindOn,19,0.6349
l39,WindOn,20,0.1198
l39,WindOn,21,0.0975
l39,WindOn,22,0
l39,WindOn,23,0.2108
l39,WindOn,24,0.1993
l40,WindOn,1,0.4052
l40,WindOn,2,0.3488
l40,WindOn,3,0.0614
l40,WindOn,4,0.2215
l40,WindOn,5,0.2257
l40,WindOn,6,0
l40,WindOn,7,0.1038
l40,WindOn,8,0.1458
l40,WindOn,9,0.5867
l40,WindOn,10,0.3383
l40,WindOn,11,0.4324
l40,WindOn,12,0.0003
l40,WindOn,13,0.5388
l40,WindOn,14,0.5602
l40,WindOn,15,0
l40,WindOn,16,0.1589
l40,WindOn,17,0.3992
l40,WindOn,18,0.4289
l40,WindOn,19,0.1643
l40,WindOn,20,0.2389
l40,WindOn,21,0.1805
l40,WindOn,22,0.3221
l40,WindOn,23,0.5394
l40,WindOn,24,0.1458
l41,WindOn,1,0.5002
l41,WindOn,2,0.1437
l41,WindOn,3,0.1305
l41,WindOn,4,0.4637
l41,WindOn,5,0.4844
l41,WindOn,6,0.4703
l41,WindOn,7,0.0368
l41,WindOn,8,0.2068
l41,WindOn,9,0.4646
l41,WindOn,10,0.3083
l41,WindOn,11,0.0853
l41,WindOn,12,0.3917
l41,WindOn,13,0.157
l41,WindOn,14,0.6589
l41,WindOn,15,0.609
l41,WindOn,16,0.4208
l41,WindOn,17,0.5722
l41,WindOn,18,0.313
l41,WindOn,19,0.4531
l41,WindOn,20,0.5955
l41,WindOn,21,0.3491
l41,WindOn,22,0.249
l41,WindOn,23,0
l41,WindOn,24,0.2834
l42,WindOn,1,0.4647
l42,WindOn,2,0.4891
l42,WindOn,3,0.4009
l42,WindOn,4,0.1917
l42,WindOn,5,0
l42,WindOn,6,0.201
l42,WindOn,7,0.2391
l42,WindOn,8,0.2374
l42,WindOn,9,0.4237
l42,WindOn,10,0.6971
l42,WindOn,11,0.3247
l42,WindOn,12,0.2567
l42,WindOn,13,0.2482
l42,WindOn,14,0.3249
l42,WindOn,15,0.1343
l42,WindOn,16,0.324
l42,WindOn,17,0.3902
l42,WindOn,18,0.3419
l42,WindOn,19,0.3915
l42,WindOn,20,0.3867
l42,WindOn,21,0
l42,WindOn,22,0.4274
l42,WindOn,23,0.1658
l42,WindOn,24,0.0808
l43,WindOn,1,0.0791
l43,WindOn,2,0.3867
l43,WindOn,3,0.2555
l43,WindOn,4,0
l43,WindOn,5,0.3956
l43,WindOn,6,0.0121
l43,WindOn,7,0.328
l43,WindOn,8,0.3477
l43,WindOn,9,0.4771
l43,WindOn,10,0.6563
l43,WindOn,11,0.0271
l43,WindOn,12,0.2895
l43,WindOn,13,0.2447
l43,WindOn,14,0.3867
l43,WindOn,15,0.3431
l43,WindOn,16,0.2295
l43,WindOn,17,0.2118
l43,WindOn,18,0.0767
l43,WindOn,19,0.4976
l43,WindOn,20,0.3918
l43,WindOn,21,0.4836
l43,WindOn,22,0.2379
l43,WindOn,23,0.1686
l43,WindOn,24,0.0843
l44,WindOn,1,0.3718
l44,WindOn,2,0.092
l44,WindOn,3,0.6697
l44,WindOn,4,0.0385
l44,WindOn,5,0.3547
l44,WindOn,6,0.6134
l44,WindOn,7,0.4198
l44,WindOn,8,0.3351
l44,WindOn,9,0.1063
l44,WindOn,10,0.0236
l44,WindOn,11,0.454
l44,WindOn,12,0.6012
l44,WindOn,13,0.2122
l44,WindOn,14,0.0722
l44,WindOn,15,0
l44,WindOn,16,0.1038
l44,WindOn,17,0.2773
l44,WindOn,18,0.6198
l44,WindOn,19,0.4346
l44,WindOn,20,0.361
l44,WindOn,21,0.22
l44,WindOn,22,0.1834
l44,WindOn,23,0.5811
l44,WindOn,24,0.3401
l45,WindOn,1,0
l45,WindOn,2,0.1653
l45,WindOn,3,0.1284
l45,WindOn,4,0.1907
l45,WindOn,5,0.4126
l45,WindOn,6,0.2785
l45,WindOn,7,0.2846
l45,WindOn,8,0.5627
l45,WindOn,9,0.1607
l45,WindOn,10,0.6728
l45,WindOn,11,0.1657
l45,WindOn,12,0.3178
l45,WindOn,13,0.2438
l45,WindOn,14,0.3247
l45,WindOn,15,0.3889
l45,WindOn,16,0.3868
l45,WindOn,17,0.1494
l45,WindOn,18,0.0754
l45,WindOn,19,0.8006
l45,WindOn,20,0.2032
l45,WindOn,21,0.4398
l45,WindOn,22,0
l45,WindOn,23,0.2441
l45,WindOn,24,0.2746
l46,WindOn,1,0.3946
l46,WindOn,2,0
l46,WindOn,3,0.3332
l46,WindOn,4,0.0701
l46,WindOn,5,0.3649
l46,WindOn,6,0.0927
l46,WindOn,7,0.1289
l46,WindOn,8,0.2453
l46,WindOn,9,0.0895
l46,WindOn,10,0.2049
l46,WindOn,11,0.0613
l46,WindOn,12,0
l46,WindOn,13,0.5036
l46,WindOn,14,0.0408
l46,WindOn,15,0.2643
l46,WindOn,16,0.4506
l46,WindOn,17,0.177
l46,WindOn,18,0.135
l46,WindOn,19,0.3452
l46,WindOn,20,0.5236
l46,WindOn,21,0.0661
l46,WindOn,22,0.27
l46,WindOn,23,0
l46,WindOn,24,0.2214
l47,WindOn,1,0.3068
l47,WindOn,2,0.1291
l47,WindOn,3,0.2086
l47,WindOn,4,0.0184
l47,WindOn,5,0.3154
l47,WindOn,6,0.5111
l47,WindOn,7,0.0806
l47,WindOn,8,0.1755
l47,WindOn,9,0.4005
l47,WindOn,10,0.5424
l47,WindOn,11,0.0014
l47,WindOn,12,0.2662
l47,WindOn,13,0.3566
l47,WindOn,14,0.2796
l47,WindOn,15,0
l47,WindOn,16,0.4002
l47,WindOn,17,0.6039
l47,WindOn,18,0.3233
l47,WindOn,19,0.0938
l47,WindOn,20,0.1974
l47,WindOn,21,0.654
l47,WindOn,22,0.482
l47,WindOn,23,0.428
l47,WindOn,24,0.3713
l48,WindOn,1,0.1678
l48,WindOn,2,0.2599
l48,WindOn,3,0.2844
l48,WindOn,4,0.4099
l48,WindOn,5,0.6018
l48,WindOn,6,0.5237
l48,WindOn,7,0.0161
l48,WindOn,8,0.3448
l48,WindOn,9,0.4474
l48,WindOn,10,0.4238
l48,WindOn,11,0.1742
l48,WindOn,12,0.8828
l48,WindOn,13,0.0446
l48,WindOn,14,0.0834
l48,WindOn,15,0.3467
l48,WindOn,16,0.7234
l48,WindOn,17,0.1328
l48,WindOn,18,0.2468
l48,WindOn,19,0.5155
l48,WindOn,20,0.2964
l48,WindOn,21,0.2331
l48,WindOn,22,0.4131
l48,WindOn,23,0.3545
l48,WindOn,24,0.5061
l49,WindOn,1,0.5583
l49,WindOn,2,0.3614
l49,WindOn,3,0.3583
l49,WindOn,4,0.3428
l49,WindOn,5,0.3978
l49,WindOn,6,0.311
l49,WindOn,7,0.2999
l49,WindOn,8,0.5393
l49,WindOn,9,0.6032
l49,WindOn,10,0
l49,WindOn,11,0.302
l49,WindOn,12,0.1623
l49,WindOn,13,0.2378
l49,WindOn,14,0.3805
l49,WindOn,15,0.4339
l49,WindOn,16,0.2776
l49,WindOn,17,0
l49,WindOn,18,0.107
l49,WindOn,19,0.4793
l49,WindOn,20,0
l49,WindOn,21,0.5375
l49,WindOn,22,0.4042
l49,WindOn,23,0.5632
l49,WindOn,24,0.2603
l50,WindOn,1,0
l50,WindOn,2,0.3861
l50,WindOn,3,0.5549
l50,WindOn,4,0.4849
l50,WindOn,5,0.1675
l50,WindOn,6,0.3174
l50,WindOn,7,0.1934
l50,WindOn,8,0.1361
l50,WindOn,9,0.4911
l50,WindOn,10,0.0605
l50,WindOn,11,0.1212
l50,WindOn,12,0.0792
l50,WindOn,13,0.002
l50,WindOn,14,0.3293
l50,WindOn,15,0.5323
l50,WindOn,16,0.263
l50,WindOn,17,0
l50,WindOn,18,0.468
l50,WindOn,19,0.6371
l50,WindOn,20,0.1708
l50,WindOn,21,0.2043
l50,WindOn,22,0.4031
l50,WindOn,23,0.6244
l50,WindOn,24,0.196
l51,WindOn,1,0.0335
l51,WindOn,2,0.4263
l51,WindOn,3,0.4598
l51,WindOn,4,0.3012
l51,WindOn,5,0.1884
l51,WindOn,6,0.4989
l51,WindOn,7,0.4056
l51,WindOn,8,0.1463
l51,WindOn,9,0.3098
l51,WindOn,10,0.0297
l51,WindOn,11,0.4372
l51,WindOn,12,0.2476
l51,WindOn,13,0.2129
l51,WindOn,14,0.2934
l51,WindOn,15,0.3081
l51,WindOn,16,0.479
l51,WindOn,17,0.4182
l51,WindOn,18,0.2687
l51,WindOn,19,0.4527
l51,WindOn,20,0.3801
l51,WindOn,21,0.2147
l51,WindOn,22,0.2751
l51,WindOn,23,0.2704
l51,WindOn,24,0.4011
l52,WindOn,1,0.2266
l52,WindOn,2,0.2219
l52,WindOn,3,0.6938
l52,WindOn,4,0.4879
l52,WindOn,5,0.1479
l52,WindOn,6,0.4142
l52,WindOn,7,0.3237
l52,WindOn,8,0.3783
l52,WindOn,9,0.3275
l52,WindOn,10,0.5379
l52,WindOn,11,0.3691
l52,WindOn,12,0.2876
l52,WindOn,13,0.5084
l52,WindOn,14,0.3467
l52,WindOn,15,0.3243
l52,WindOn,16,0.3628
l52,WindOn,17,0.2813
l52,WindOn,18,0.3018
l52,WindOn,19,0.1827
l52,WindOn,20,0.1498
l52,WindOn,21,0.1003
l52,WindOn,22,0.0216
l52,WindOn,23,0.1241
l52,WindOn,24,0.2651
l53,WindOn,1,0.3206
l53,WindOn,2,0.2457
l53,WindOn,3,0
l53,WindOn,4,0.6149
l53,WindOn,5,0.5173
l53,WindOn,6,0.3892
l53,WindOn,7,0.6815
l53,WindOn,8,0.1045
l53,WindOn,9,0.6775
l53,WindOn,10,0.107
l53,WindOn,11,0.3477
l53,WindOn,12,0.0452
l53,WindOn,13,0.3029
l53,WindOn,14,0.3772
l53,WindOn,15,0.2691
l53,WindOn,16,0.4428
l53,WindOn,17,0.3198
l53,WindOn,18,0.1955
l53,WindOn,19,0.1866
l53,WindOn,20,0.4622
l53,WindOn,21,0.1693
l53,WindOn,22,0.4831
l53,WindOn,23,0.5445
l53,WindOn,24,0
l54,WindOn,1,0.5266
l54,WindOn,2,0.7121
l54,WindOn,3,0.3504
l54,WindOn,4,0.4198
l54,WindOn,5,0.5074
l54,WindOn,6,0.2449
l54,WindOn,7,0.3365
l54,WindOn,8,0.0372
l54,WindOn,9,0.3277
l54,WindOn,10,0.3996
l54,WindOn,11,0.4032
l54,WindOn,12,0.5131
l54,WindOn,13,0.145
l54,WindOn,14,0.1935
l54,WindOn,15,0.6791
l54,WindOn,16,0.2699
l54,WindOn,17,0.34
l54,WindOn,18,0.2866
l54,WindOn,19,0.1357
l54,WindOn,20,0.6247
l54,WindOn,21,0.1945
l54,WindOn,22,0.0745
l54,WindOn,23,0.2099
l54,WindOn,24,0
l55,WindOn,1,0.1697
l55,WindOn,2,0.1064
l55,WindOn,3,0.4235
l55,WindOn,4,0.1653
l55,WindOn,5,0.4776
l55,WindOn,6,0.5797
l55,WindOn,7,0.4562
l55,WindOn,8,0.2569
l55,WindOn,9,0.3282
l55,WindOn,10,0
l55,WindOn,11,0.2732
l55,WindOn,12,0.1279
l55,WindOn,13,0.4389
l55,WindOn,14,0.8146
l55,WindOn,15,0.4
l55,WindOn,16,0
l55,WindOn,17,0.2278
l55,WindOn,18,0.3245
l55,WindOn,19,0.3175
l55,WindOn,20,0.1538
l55,WindOn,21,0.3491
l55,WindOn,22,0.0515
l55,WindOn,23,0.111
l55,WindOn,24,0.4292
l56,WindOn,1,0.0969
l56,WindOn,2,0.4076
l56,WindOn,3,0.0261
l56,WindOn,4,0.653
l56,WindOn,5,0.1451
l56,WindOn,6,0.2553
l56,WindOn,7,0.3661
l56,WindOn,8,0.1869
l56,WindOn,9,0.3287
l56,WindOn,10,0.4151
l56,WindOn,11,0.4921
l56,WindOn,12,0.4583
l56,WindOn,13,0.2656
l56,WindOn,14,0.2707
l56,WindOn,15,0.7698
l56,WindOn,16,0.49
l56,WindOn,17,0.1156
l56,WindOn,18,0.32
l56,WindOn,19,0.233
l56,WindOn,20,0.2729
l56,WindOn,21,0.0541
l56,WindOn,22,0.2176
l56,WindOn,23,0.6623
l56,WindOn,24,0.4158
l57,WindOn,1,0
l57,WindOn,2,0.5433
l57,WindOn,3,0.5179
l57,WindOn,4,0.2281
l57,WindOn,5,0.4435
l57,WindOn,6,0.1281
l57,WindOn,7,0.2059
l57,WindOn,8,0.5997
l57,WindOn,9,0.2457
l57,WindOn,10,0
l57,WindOn,11,0.2873
l57,WindOn,12,0.2843
l57,WindOn,13,0.5397
l57,WindOn,14,0.3029
l57,WindOn,15,0.2157
l57,WindOn,16,0.509
l57,WindOn,17,0.3242
l57,WindOn,18,0.15
l57,WindOn,19,0.531
l57,WindOn,20,0.3387
l57,WindOn,21,0.3006
l57,WindOn,22,0.3356
l57,WindOn,23,0.0859
l57,WindOn,24,0.1945
l58,WindOn,1,0.3007
l58,WindOn,2,0.2611
l58,WindOn,3,0.5545
l58,WindOn,4,0.3435
l58,WindOn,5,0.471
l58,WindOn,6,0.3019
l58,WindOn,7,0.5113
l58,WindOn,8,0.3795
l58,WindOn,9,0.3027
l58,WindOn,10,0.2973
l58,WindOn,11,0.1091
l58,WindOn,12,0.4014
l58,WindOn,13,0.292
l58,WindOn,14,0.1996
l58,WindOn,15,0.5213
l58,WindOn,16,0.05
l58,WindOn,17,0.2155
l58,WindOn,18,0.5055
l58,WindOn,19,0.3631
l58,WindOn,20,0.2904
l58,WindOn,21,0.3502
l58,WindOn,22,0.3359
l58,WindOn,23,0
l58,WindOn,24,0.2301
l59,WindOn,1,0.6233
l59,WindOn,2,0.1681
l59,WindOn,3,0.2363
l59,WindOn,4,0.1917
l59,WindOn,5,0.2826
l59,WindOn,6,0.1834
l59,WindOn,7,0.3973
l59,WindOn,8,0.3395
l59,WindOn,9,0.4547
l59,WindOn,10,0.0898
l59,WindOn,11,0.2319
l59,WindOn,12,0.2549
l59,WindOn,13,0.3911
l59,WindOn,14,0.1414
l59,WindOn,15,0.4831
l59,WindOn,16,0.5373
l59,WindOn,17,0.1022
l59,WindOn,18,0.2018
l59,WindOn,19,0.1936
l59,WindOn,20,0.8265
l59,WindOn,21,0.214
l59,WindOn,22,0.6355
l59,WindOn,23,0.0467
l59,WindOn,24,0.1021
l60,WindOn,1,0.1627
l60,WindOn,2,0.1309
l60,WindOn,3,0.2464
l60,WindOn,4,0.1582
l60,WindOn,5,0.1361
l60,WindOn,6,0.5317
l60,WindOn,7,0.5448
l60,WindOn,8,0.4899
l60,WindOn,9,0.4048
l60,WindOn,10,0.3185
l60,WindOn,11,0.2006
l60,WindOn,12,0.1094
l60,WindOn,13,0.3726
l60,WindOn,14,0.0653
l60,WindOn,15,0.1012
l60,WindOn,16,0.5306
l60,WindOn,17,0.6801
l60,WindOn,18,0.3787
l60,WindOn,19,0.5213
l60,WindOn,20,0.2508
l60,WindOn,21,0.0325
l60,WindOn,22,0.4224
l60,WindOn,23,0.4139
l60,WindOn,24,0.3143
l61,WindOn,1,0.2515
l61,WindOn,2,0.4924
l61,WindOn,3,0.1029
l61,WindOn,4,0.1452
l61,WindOn,5,0.0984
l61,WindOn,6,0.317
l61,WindOn,7,0.0824
l61,WindOn,8,0.1632
l61,WindOn,9,0.1588
l61,WindOn,10,0.2479
l61,WindOn,11,0.0025
l61,WindOn,12,0.3174
l61,WindOn,13,0.5495
l61,WindOn,14,0.3271
l61,WindOn,15,0.6083
l61,WindOn,16,0.5668
l61,WindOn,17,0.4555
l61,WindOn,18,0.3149
l61,WindOn,19,0.3045
l61,WindOn,20,0.4528
l61,WindOn,21,0.2217
l61,WindOn,22,0
l61,WindOn,23,0.3984
l61,WindOn,24,0.0738
l62,WindOn,1,0.1076
l62,WindOn,2,0.3
l62,WindOn,3,0.281
l62,WindOn,4,0.0176
l62,WindOn,5,0.3331
l62,WindOn,6,0.4932
l62,WindOn,7,0.0743
l62,WindOn,8,0.5545
l62,WindOn,9,0
l62,WindOn,10,0.7235
l62,WindOn,11,0.2177
l62,WindOn,12,0.3291
l62,WindOn,13,0
l62,WindOn,14,0.2876
l62,WindOn,15,0.3457
l62,WindOn,16,0.2828
l62,WindOn,17,0.1874
l62,WindOn,18,0.1107
l62,WindOn,19,0.5261
l62,WindOn,20,0.3062
l62,WindOn,21,0.6082
l62,WindOn,22,0.1947
l62,WindOn,23,0.213
l62,WindOn,24,0.4631
l63,WindOn,1,0
l63,WindOn,2,0.0573
l63,WindOn,3,0.5195
l63,WindOn,4,0.0656
l63,WindOn,5,0
l63,WindOn,6,0.6737
l63,WindOn,7,0.0212
l63,WindOn,8,0.3368
l63,WindOn,9,0.3138
l63,WindOn,10,0
l63,WindOn,11,0.2465
l63,WindOn,12,0.3897
l63,WindOn,13,0.3709
l63,WindOn,14,0.4807
l63,WindOn,15,0.2225
l63,WindOn,16,0.4425
l63,WindOn,17,0.1621
l63,WindOn,18,0.0179
l63,WindOn,19,0.0405
l63,WindOn,20,0.0076
l63,WindOn,21,0.5019
l63,WindOn,22,0
l63,WindOn,23,0.3548
l63,WindOn,24,0.2468
l0,SunPV,1,0
l0,SunPV,2,0
l0,SunPV,3,0.0004
l0,SunPV,4,0.0003
l0,SunPV,5,0.0279
l0,SunPV,6,0
l0,SunPV,7,0.0665
l0,SunPV,8,0.3425
l0,SunPV,9,0.5188
l0,SunPV,10,0.2004
l0,SunPV,11,0.4158
l0,SunPV,12,0.4578
l0,SunPV,13,0.46
l0,SunPV,14,0.2825
l0,SunPV,15,0.5166
l0,SunPV,16,0
l0,SunPV,17,0.0653
l0,SunPV,18,0.0857
l0,SunPV,19,0.0295
l0,SunPV,20,0.0113
l0,SunPV,21,0.0006
l0,SunPV,22,0
l0,SunPV,23,0
l0,SunPV,24,0
l1,SunPV,1,0
l1,SunPV,2,0.0002
l1,SunPV,3,0.0008
l1,SunPV,4,0.0012
l1,SunPV,5,0.0006
l1,SunPV,6,0
l1,SunPV,7,0.1202
l1,SunPV,8,0.0032
l1,SunPV,9,0.1225
l1,SunPV,10,0.0971
l1,SunPV,11,0.2782
l1,SunPV,12,0.3868
l1,SunPV,13,0.4381
l1,SunPV,14,0.2121
l1,SunPV,15,0.4763
l1,SunPV,16,0.1632
l1,SunPV,17,0.0199
l1,SunPV,18,0.0691
l1,SunPV,19,0.0773
l1,SunPV,20,0.0043
l1,SunPV,21,0
l1,SunPV,22,0
l1,SunPV,23,0
l1,SunPV,24,0
l2,SunPV,1,0
l2,SunPV,2,0
l2,SunPV,3,0
l2,SunPV,4,0.0072
l2,SunPV,5,0.0335
l2,SunPV,6,0
l2,SunPV,7,0.158
l2,SunPV,8,0
l2,SunPV,9,0.5227
l2,SunPV,10,0.3875
l2,SunPV,11,0.5803
l2,SunPV,12,0.0155
l2,SunPV,13,0.5267
l2,SunPV,14,0.3357
l2,SunPV,15,0.4349
l2,SunPV,16,0.3479
l2,SunPV,17,0.1255
l2,SunPV,18,0.0072
l2,SunPV,19,0.0397
l2,SunPV,20,0.0015
l2,SunPV,21,0
l2,SunPV,22,0
l2,SunPV,23,0
l2,SunPV,24,0
l3,SunPV,1,0
l3,SunPV,2,0.0
l3,SunPV,3,0
l3,SunPV,4,0.0043
l3,SunPV,5,0
l3,SunPV,6,0.0367
l3,SunPV,7,0.069
l3,SunPV,8,0.2904
l3,SunPV,9,0
l3,SunPV,10,0.166
l3,SunPV,11,0.0258
l3,SunPV,12,0.3359
l3,SunPV,13,0.6438
l3,SunPV,14,0.2319
l3,SunPV,15,0.1755
l3,SunPV,16,0.3408
l3,SunPV,17,0.2496
l3,SunPV,18,0.0456
l3,SunPV,19,0.0367
l3,SunPV,20,0
l3,SunPV,21,0.0007
l3,SunPV,22,0
l3,SunPV,23,0
l3,SunPV,24,0
l4,SunPV,1,0
l4,SunPV,2,0.0001
l4,SunPV,3,0
l4,SunPV,4,0.0064
l4,SunPV,5,0.0177
l4,SunPV,6,0
l4,SunPV,7,0.0911
l4,SunPV,8,0.0368
l4,SunPV,9,0.2337
l4,SunPV,10,0.2258
l4,SunPV,11,0.6285
l4,SunPV,12,0.8587
l4,SunPV,13,0.0642
l4,SunPV,14,0
l4,SunPV,15,0.2261
l4,SunPV,16,0
l4,SunPV,17,0.1231
l4,SunPV,18,0.1083
l4,SunPV,19,0.0624
l4,SunPV,20,0.0033
l4,SunPV,21,0
l4,SunPV,22,0
l4,SunPV,23,0
l4,SunPV,24,0
l5,SunPV,1,0
l5,SunPV,2,0
l5,SunPV,3,0
l5,SunPV,4,0
l5,SunPV,5,0
l5,SunPV,6,0
l5,SunPV,7,0
l5,SunPV,8,0.2233
l5,SunPV,9,0.1726
l5,SunPV,10,0.2291
l5,SunPV,11,0.1659
l5,SunPV,12,0
l5,SunPV,13,0.7089
l5,SunPV,14,0.1287
l5,SunPV,15,0.1942
l5,SunPV,16,0
l5,SunPV,17,0.2376
l5,SunPV,18,0.0629
l5,SunPV,19,0
l5,SunPV,20,0
l5,SunPV,21,0.0009
l5,SunPV,22,0
l5,SunPV,23,0
l5,SunPV,24,0
l6,SunPV,1,0
l6,SunPV,2,0
l6,SunPV,3,0.0003
l6,SunPV,4,0.0056
l6,SunPV,5,0
l6,SunPV,6,0
l6,SunPV,7,0.027
l6,SunPV,8,0.1718
l6,SunPV,9,0.2406
l6,SunPV,10,0.3133
l6,SunPV,11,0.4643
l6,SunPV,12,0.1942
l6,SunPV,13,0.5829
l6,SunPV,14,0.4277
l6,SunPV,15,0.2119
l6,SunPV,16,0.4608
l6,SunPV,17,0.3099
l6,SunPV,18,0.122
l6,SunPV,19,0
l6,SunPV,20,0.0129
l6,SunPV,21,0.0004
l6,SunPV,22,0
l6,SunPV,23,0
l6,SunPV,24,0
l7,SunPV,1,0
l7,SunPV,2,0.0002
l7,SunPV,3,0.0013
l7,SunPV,4,0.0017
l7,SunPV,5,0
l7,SunPV,6,0.0152
l7,SunPV,7,0.1285
l7,SunPV,8,0.1836
l7,SunPV,9,0.04
l7,SunPV,10,0.0081
l7,SunPV,11,0.218
l7,SunPV,12,0.5708
l7,SunPV,13,0.7247
l7,SunPV,14,0.5284
l7,SunPV,15,0.474
l7,SunPV,16,0.1842
l7,SunPV,17,0
l7,SunPV,18,0.0181
l7,SunPV,19,0.0067
l7,SunPV,20,0
l7,SunPV,21,0.0001
l7,SunPV,22,0
l7,SunPV,23,0
l7,SunPV,24,0
l8,SunPV,1,0
l8,SunPV,2,0
l8,SunPV,3,0.0001
l8,SunPV,4,0.0061
l8,SunPV,5,0
l8,SunPV,6,0.059
l8,SunPV,7,0.1181
l8,SunPV,8,0.1789
l8,SunPV,9,0.4364
l8,SunPV,10,0.2043
l8,SunPV,11,0.2536
l8,SunPV,12,0.3904
l8,SunPV,13,0.2377
l8,SunPV,14,0.4432
l8,SunPV,15,0.137
l8,SunPV,16,0.2347
l8,SunPV,17,0.105
l8,SunPV,18,0.0683
l8,SunPV,19,0.0003
l8,SunPV,20,0
l8,SunPV,21,0.0001
l8,SunPV,22,0
l8,SunPV,23,0
l8,SunPV,24,0
l9,SunPV,1,0
l9,SunPV,2,0.0
l9,SunPV,3,0
l9,SunPV,4,0.0024
l9,SunPV,5,0
l9,SunPV,6,0.0167
l9,SunPV,7,0.0489
l9,SunPV,8,0.2149
l9,SunPV,9,0.1663
l9,SunPV,10,0.2175
l9,SunPV,11,0.6845
l9,SunPV,12,0.4556
l9,SunPV,13,0.255
l9,SunPV,14,0.285
l9,SunPV,15,0.5859
l9,SunPV,16,0.1588
l9,SunPV,17,0.0321
l9,SunPV,18,0.0009
l9,SunPV,19,0
l9,SunPV,20,0
l9,SunPV,21,0
l9,SunPV,22,0
l9,SunPV,23,0
l9,SunPV,24,0
l10,SunPV,1,0
l10,SunPV,2,0
l10,SunPV,3,0.0009
l10,SunPV,4,0.0065
l10,SunPV,5,0.0015
l10,SunPV,6,0
l10,SunPV,7,0
l10,SunPV,8,0.2773
l10,SunPV,9,0.2297
l10,SunPV,10,0.2598
l10,SunPV,11,0.2025
l10,SunPV,12,0.2236
l10,SunPV,13,0.4483
l10,SunPV,14,0.063
l10,SunPV,15,0.4621
l10,SunPV,16,0.1097
l10,SunPV,17,0.0989
l10,SunPV,18,0
l10,SunPV,19,0.0146
l10,SunPV,20,0
l10,SunPV,21,0.0
l10,SunPV,22,0
l10,SunPV,23,0
l10,SunPV,24,0
l11,SunPV,1,0
l11,SunPV,2,0.0001
l11,SunPV,3,0.0009
l11,SunPV,4,0.002
l11,SunPV,5,0.0196
l11,SunPV,6,0.0642
l11,SunPV,7,0.236
l11,SunPV,8,0
l11,SunPV,9,0.3885
l11,SunPV,10,0.5368
l11,SunPV,11,0.09
l11,SunPV,12,0.1981
l11,SunPV,13,0.1915
l11,SunPV,14,0.1853
l11,SunPV,15,0.1811
l11,SunPV,16,0.2374
l11,SunPV,17,0.2245
l11,SunPV,18,0.1332
l11,SunPV,19,0
l11,SunPV,20,0
l11,SunPV,21,0.0007
l11,SunPV,22,0
l11,SunPV,23,0
l11,SunPV,24,0
l12,SunPV,1,0
l12,SunPV,2,0.0001
l12,SunPV,3,0
l12,SunPV,4,0.0019
l12,SunPV,5,0
l12,SunPV,6,0
l12,SunPV,7,0.017
l12,SunPV,8,0.1155
l12,SunPV,9,0.0983
l12,SunPV,10,0.23
l12,SunPV,11,0.0524
l12,SunPV,12,0.5137
l12,SunPV,13,0.36
l12,SunPV,14,0
l12,SunPV,15,0.1138
l12,SunPV,16,0.2528
l12,SunPV,17,0.0502
l12,SunPV,18,0.0
l12,SunPV,19,0.0126
l12,SunPV,20,0.0043
l12,SunPV,21,0
l12,SunPV,22,0
l12,SunPV,23,0
l12,SunPV,24,0
l13,SunPV,1,0
l13,SunPV,2,0
l13,SunPV,3,0
l13,SunPV,4,0
l13,SunPV,5,0.037
l13,SunPV,6,0
l13,SunPV,7,0.2646
l13,SunPV,8,0.1329
l13,SunPV,9,0.2734
l13,SunPV,10,0.1182
l13,SunPV,11,0.2116
l13,SunPV,12,0.2823
l13,SunPV,13,0.1487
l13,SunPV,14,0.2937
l13,SunPV,15,0.1953
l13,SunPV,16,0.5018
l13,SunPV,17,0
l13,SunPV,18,0.0599
l13,SunPV,19,0.0228
l13,SunPV,20,0
l13,SunPV,21,0.0004
l13,SunPV,22,0
l13,SunPV,23,0
l13,SunPV,24,0
l14,SunPV,1,0
l14,SunPV,2,0
l14,SunPV,3,0.0005
l14,SunPV,4,0
l14,SunPV,5,0.0239
l14,SunPV,6,0.0963
l14,SunPV,7,0.0203
l14,SunPV,8,0.2926
l14,SunPV,9,0.1294
l14,SunPV,10,0.7894
l14,SunPV,11,0.2284
l14,SunPV,12,0.6188
l14,SunPV,13,0.5631
l14,SunPV,14,0.4032
l14,SunPV,15,0.1451
l14,SunPV,16,0.1726
l14,SunPV,17,0
l14,SunPV,18,0.069
l14,SunPV,19,0.026
l14,SunPV,20,0.0029
l14,SunPV,21,0
l14,SunPV,22,0
l14,SunPV,23,0
l14,SunPV,24,0
l15,SunPV,1,0
l15,SunPV,2,0
l15,SunPV,3,0.0005
l15,SunPV,4,0
l15,SunPV,5,0.0181
l15,SunPV,6,0.057
l15,SunPV,7,0.1272
l15,SunPV,8,0.1447
l15,SunPV,9,0.6004
l15,SunPV,10,0.4376
l15,SunPV,11,0.1694
l15,SunPV,12,0.4476
l15,SunPV,13,0.5431
l15,SunPV,14,0.2147
l15,SunPV,15,0.4801
l15,SunPV,16,0.2603
l15,SunPV,17,0
l15,SunPV,18,0.0746
l15,SunPV,19,0.0021
l15,SunPV,20,0.0057
l15,SunPV,21,0.0005
l15,SunPV,22,0
l15,SunPV,23,0
l15,SunPV,24,0
l16,SunPV,1,0
l16,SunPV,2,0.0001
l16,SunPV,3,0.0
l16,SunPV,4,0.0042
l16,SunPV,5,0
l16,SunPV,6,0.009
l16,SunPV,7,0
l16,SunPV,8,0.2089
l16,SunPV,9,0.3262
l16,SunPV,10,0.5763
l16,SunPV,11,0.5463
l16,SunPV,12,0.3303
l16,SunPV,13,0.1197
l16,SunPV,14,0.4276
l16,SunPV,15,0.4842
l16,SunPV,16,0.3217
l16,SunPV,17,0.2515
l16,SunPV,18,0.0363
l16,SunPV,19,0.0001
l16,SunPV,20,0
l16,SunPV,21,0.0
l16,SunPV,22,0
l16,SunPV,23,0
l16,SunPV,24,0
l17,SunPV,1,0
l17,SunPV,2,0
l17,SunPV,3,0.0007
l17,SunPV,4,0.0011
l17,SunPV,5,0.0035
l17,SunPV,6,0
l17,SunPV,7,0
l17,SunPV,8,0.3706
l17,SunPV,9,0.368
l17,SunPV,10,0.0096
l17,SunPV,11,0.5403
l17,SunPV,12,0.596
l17,SunPV,13,0.4054
l17,SunPV,14,0.6706
l17,SunPV,15,0.314
l17,SunPV,16,0
l17,SunPV,17,0.1626
l17,SunPV,18,0.0705
l17,SunPV,19,0
l17,SunPV,20,0.0059
l17,SunPV,21,0
l17,SunPV,22,0
l17,SunPV,23,0
l17,SunPV,24,0
l18,SunPV,1,0
l18,SunPV,2,0.0001
l18,SunPV,3,0.0002
l18,SunPV,4,0
l18,SunPV,5,0
l18,SunPV,6,0
l18,SunPV,7,0.0643
l18,SunPV,8,0.3353
l18,SunPV,9,0.2662
l18,SunPV,10,0.5117
l18,SunPV,11,0.6886
l18,SunPV,12,0.2636
l18,SunPV,13,0.3372
l18,SunPV,14,0.7901
l18,SunPV,15,0.5477
l18,SunPV,16,0
l18,SunPV,17,0.1653
l18,SunPV,18,0.0522
l18,SunPV,19,0.0412
l18,SunPV,20,0
l18,SunPV,21,0
l18,SunPV,22,0
l18,SunPV,23,0
l18,SunPV,24,0
l19,SunPV,1,0
l19,SunPV,2,0
l19,SunPV,3,0
l19,SunPV,4,0.0052
l19,SunPV,5,0.0304
l19,SunPV,6,0.0141
l19,SunPV,7,0.0566
l19,SunPV,8,0.241
l19,SunPV,9,0.5355
l19,SunPV,10,0.4205
l19,SunPV,11,0.2274
l19,SunPV,12,0.0367
l19,SunPV,13,0.1335
l19,SunPV,14,0.3526
l19,SunPV,15,0.148
l19,SunPV,16,0.2295
l19,SunPV,17,0.049
l19,SunPV,18,0
l19,SunPV,19,0
l19,SunPV,20,0.0127
l19,SunPV,21,0.0005
l19,SunPV,22,0
l19,SunPV,23,0
l19,SunPV,24,0
l20,SunPV,1,0
l20,SunPV,2,0.0
l20,SunPV,3,0.0002
l20,SunPV,4,0.0006
l20,SunPV,5,0
l20,SunPV,6,0.1173
l20,SunPV,7,0.139
l20,SunPV,8,0.2223
l20,SunPV,9,0.2557
l20,SunPV,10,0.3709
l20,SunPV,11,0.2489
l20,SunPV,12,0.5287
l20,SunPV,13,0.0914
l20,SunPV,14,0.3761
l20,SunPV,15,0.3796
l20,SunPV,16,0.1648
l20,SunPV,17,0.1633
l20,SunPV,18,0
l20,SunPV,19,0
l20,SunPV,20,0.0036
l20,SunPV,21,0.0004
l20,SunPV,22,0
l20,SunPV,23,0
l20,SunPV,24,0
l21,SunPV,1,0
l21,SunPV,2,0
l21,SunPV,3,0
l21,SunPV,4,0.005
l21,SunPV,5,0.0074
l21,SunPV,6,0.0112
l21,SunPV,7,0.0756
l21,SunPV,8,0.2465
l21,SunPV,9,0.3472
l21,SunPV,10,0.3227
l21,SunPV,11,0.611
l21,SunPV,12,0.6066
l21,SunPV,13,0.4687
l21,SunPV,14,0.3487
l21,SunPV,15,0.3979
l21,SunPV,16,0.2491
l21,SunPV,17,0.2486
l21,SunPV,18,0.1196
l21,SunPV,19,0
l21,SunPV,20,0
l21,SunPV,21,0
l21,SunPV,22,0
l21,SunPV,23,0
l21,SunPV,24,0
l22,SunPV,1,0
l22,SunPV,2,0.0002
l22,SunPV,3,0.0002
l22,SunPV,4,0
l22,SunPV,5,0
l22,SunPV,6,0
l22,SunPV,7,0.0315
l22,SunPV,8,0.1446
l22,SunPV,9,0.0547
l22,SunPV,10,0.6353
l22,SunPV,11,0.0929
l22,SunPV,12,0.6892
l22,SunPV,13,0.638
l22,SunPV,14,0.5246
l22,SunPV,15,0.1407
l22,SunPV,16,0.2538
l22,SunPV,17,0
l22,SunPV,18,0.1204
l22,SunPV,19,0.0126
l22,SunPV,20,0
l22,SunPV,21,0
l22,SunPV,22,0
l22,SunPV,23,0
l22,SunPV,24,0
l23,SunPV,1,0
l23,SunPV,2,0
l23,SunPV,3,0.0005
l23,SunPV,4,0.0087
l23,SunPV,5,0.0314
l23,SunPV,6,0
l23,SunPV,7,0
l23,SunPV,8,0.5301
l23,SunPV,9,0.6802
l23,SunPV,10,0.376
l23,SunPV,11,0.1046
l23,SunPV,12,0.605
l23,SunPV,13,0.3544
l23,SunPV,14,0.3137
l23,SunPV,15,0.443
l23,SunPV,16,0.2524
l23,SunPV,17,0
l23,SunPV,18,0.0279
l23,SunPV,19,0.0359
l23,SunPV,20,0.0055
l23,SunPV,21,0.0002
l23,SunPV,22,0
l23,SunPV,23,0
l23,SunPV,24,0
l24,SunPV,1,0
l24,SunPV,2,0
l24,SunPV,3,0.0006
l24,SunPV,4,0
l24,SunPV,5,0
l24,SunPV,6,0
l24,SunPV,7,0.1926
l24,SunPV,8,0.2555
l24,SunPV,9,0.4173
l24,SunPV,10,0
l24,SunPV,11,0.3425
l24,SunPV,12,0.3313
l24,SunPV,13,0.3165
l24,SunPV,14,0.2088
l24,SunPV,15,0.2069
l24,SunPV,16,0.3372
l24,SunPV,17,0
l24,SunPV,18,0.1853
l24,SunPV,19,0.0303
l24,SunPV,20,0.0017
l24,SunPV,21,0.0005
l24,SunPV,22,0
l24,SunPV,23,0
l24,SunPV,24,0
l25,SunPV,1,0
l25,SunPV,2,0.0
l25,SunPV,3,0.0004
l25,SunPV,4,0
l25,SunPV,5,0.0158
l25,SunPV,6,0.1212
l25,SunPV,7,0.1918
l25,SunPV,8,0.1599
l25,SunPV,9,0.39
l25,SunPV,10,0.4547
l25,SunPV,11,0.4854
l25,SunPV,12,0.6377
l25,SunPV,13,0.6203
l25,SunPV,14,0.3108
l25,SunPV,15,0.3949
l25,SunPV,16,0.1344
l25,SunPV,17,0.0032
l25,SunPV,18,0.032
l25,SunPV,19,0.0125
l25,SunPV,20,0
l25,SunPV,21,0.0005
l25,SunPV,22,0
l25,SunPV,23,0
l25,SunPV,24,0
l26,SunPV,1,0
l26,SunPV,2,0.0
l26,SunPV,3,0.0003
l26,SunPV,4,0
l26,SunPV,5,0.0104
l26,SunPV,6,0.0239
l26,SunPV,7,0.0779
l26,SunPV,8,0.1998
l26,SunPV,9,0.0278
l26,SunPV,10,0.3459
l26,SunPV,11,0.4119
l26,SunPV,12,0.4213
l26,SunPV,13,0.3307
l26,SunPV,14,0.5746
l26,SunPV,15,0.2054
l26,SunPV,16,0.2348
l26,SunPV,17,0.2779
l26,SunPV,18,0.0463
l26,SunPV,19,0.0218
l26,SunPV,20,0.0013
l26,SunPV,21,0.0006
l26,SunPV,22,0
l26,SunPV,23,0
l26,SunPV,24,0
l27,SunPV,1,0
l27,SunPV,2,0.0001
l27,SunPV,3,0
l27,SunPV,4,0.0035
l27,SunPV,5,0
l27,SunPV,6,0.0319
l27,SunPV,7,0.0397
l27,SunPV,8,0.0111
l27,SunPV,9,0.1662
l27,SunPV,10,0.2219
l27,SunPV,11,0.3666
l27,SunPV,12,0.0921
l27,SunPV,13,0.4474
l27,SunPV,14,0.6222
l27,SunPV,15,0.3262
l27,SunPV,16,0.3305
l27,SunPV,17,0.2528
l27,SunPV,18,0.1448
l27,SunPV,19,0.0743
l27,SunPV,20,0
l27,SunPV,21,0
l27,SunPV,22,0
l27,SunPV,23,0
l27,SunPV,24,0
l28,SunPV,1,0
l28,SunPV,2,0.0
l28,SunPV,3,0.0003
l28,SunPV,4,0
l28,SunPV,5,0.0465
l28,SunPV,6,0.0136
l28,SunPV,7,0.0555
l28,SunPV,8,0.1197
l28,SunPV,9,0.1495
l28,SunPV,10,0.1904
l28,SunPV,11,0.2646
l28,SunPV,12,0.0924
l28,SunPV,13,0.2058
l28,SunPV,14,0.7437
l28,SunPV,15,0.4128
l28,SunPV,16,0.3497
l28,SunPV,17,0.263
l28,SunPV,18,0.1895
l28,SunPV,19,0
l28,SunPV,20,0
l28,SunPV,21,0
l28,SunPV,22,0
l28,SunPV,23,0
l28,SunPV,24,0
l29,SunPV,1,0
l29,SunPV,2,0.0
l29,SunPV,3,0
l29,SunPV,4,0
l29,SunPV,5,0
l29,SunPV,6,0.0023
l29,SunPV,7,0.0619
l29,SunPV,8,0.001
l29,SunPV,9,0.1776
l29,SunPV,10,0.1092
l29,SunPV,11,0.3499
l29,SunPV,12,0.1568
l29,SunPV,13,0.1919
l29,SunPV,14,0.0644
l29,SunPV,15,0.2435
l29,SunPV,16,0.0549
l29,SunPV,17,0.2296
l29,SunPV,18,0.0826
l29,SunPV,19,0.0127
l29,SunPV,20,0
l29,SunPV,21,0.0002
l29,SunPV,22,0
l29,SunPV,23,0
l29,SunPV,24,0
l30,SunPV,1,0
l30,SunPV,2,0.0001
l30,SunPV,3,0.0002
l30,SunPV,4,0.0037
l30,SunPV,5,0
l30,SunPV,6,0.0071
l30,SunPV,7,0.1242
l30,SunPV,8,0.2242
l30,SunPV,9,0.3594
l30,SunPV,10,0.5604
l30,SunPV,11,0.0715
l30,SunPV,12,0.1785
l30,SunPV,13,0.4284
l30,SunPV,14,0.1862
l30,SunPV,15,0.9157
l30,SunPV,16,0.2823
l30,SunPV,17,0.1077
l30,SunPV,18,0.0136
l30,SunPV,19,0
l30,SunPV,20,0.0022
l30,SunPV,21,0.0001
l30,SunPV,22,0
l30,SunPV,23,0
l30,SunPV,24,0
l31,SunPV,1,0
l31,SunPV,2,0.0
l31,SunPV,3,0
l31,SunPV,4,0.0031
l31,SunPV,5,0.0357
l31,SunPV,6,0.1048
l31,SunPV,7,0.1645
l31,SunPV,8,0.388
l31,SunPV,9,0.2767
l31,SunPV,10,0.4649
l31,SunPV,11,0.231
l31,SunPV,12,0.4573
l31,SunPV,13,0.6697
l31,SunPV,14,0.2144
l31,SunPV,15,0.1088
l31,SunPV,16,0.2135
l31,SunPV,17,0.0893
l31,SunPV,18,0.1008
l31,SunPV,19,0.0006
l31,SunPV,20,0.0138
l31,SunPV,21,0
l31,SunPV,22,0
l31,SunPV,23,0
l31,SunPV,24,0
l32,SunPV,1,0
l32,SunPV,2,0
l32,SunPV,3,0
l32,SunPV,4,0
l32,SunPV,5,0.0066
l32,SunPV,6,0.0837
l32,SunPV,7,0.1489
l32,SunPV,8,0.1809
l32,SunPV,9,0.3542
l32,SunPV,10,0.3324
l32,SunPV,11,0.0705
l32,SunPV,12,0.0803
l32,SunPV,13,0.3335
l32,SunPV,14,0.3038
l32,SunPV,15,0.4347
l32,SunPV,16,0.322
l32,SunPV,17,0.1922
l32,SunPV,18,0.0312
l32,SunPV,19,0
l32,SunPV,20,0.0048
l32,SunPV,21,0.0003
l32,SunPV,22,0
l32,SunPV,23,0
l32,SunPV,24,0
l33,SunPV,1,0
l33,SunPV,2,0
l33,SunPV,3,0.0001
l33,SunPV,4,0
l33,SunPV,5,0.0038
l33,SunPV,6,0
l33,SunPV,7,0.021
l33,SunPV,8,0.0085
l33,SunPV,9,0.3362
l33,SunPV,10,0.4534
l33,SunPV,11,0.2117
l33,SunPV,12,0.7277
l33,SunPV,13,0.3091
l33,SunPV,14,0.6564
l33,SunPV,15,0.1505
l33,SunPV,16,0
l33,SunPV,17,0.1671
l33,SunPV,18,0.0708
l33,SunPV,19,0.016
l33,SunPV,20,0
l33,SunPV,21,0.0
l33,SunPV,22,0
l33,SunPV,23,0
l33,SunPV,24,0
l34,SunPV,1,0
l34,SunPV,2,0.0001
l34,SunPV,3,0
l34,SunPV,4,0
l34,SunPV,5,0
l34,SunPV,6,0.0118
l34,SunPV,7,0
l34,SunPV,8,0.0828
l34,SunPV,9,0.2521
l34,SunPV,10,0.4519
l34,SunPV,11,0.3193
l34,SunPV,12,0.4695
l34,SunPV,13,0
l34,SunPV,14,0.3254
l34,SunPV,15,0
l34,SunPV,16,0
l34,SunPV,17,0.0942
l34,SunPV,18,0.1478
l34,SunPV,19,0.0267
l34,SunPV,20,0.0021
l34,SunPV,21,0.0
l34,SunPV,22,0
l34,SunPV,23,0
l34,SunPV,24,0
l35,SunPV,1,0
l35,SunPV,2,0.0001
l35,SunPV,3,0
l35,SunPV,4,0.0044
l35,SunPV,5,0.0247
l35,SunPV,6,0
l35,SunPV,7,0.027
l35,SunPV,8,0.0426
l35,SunPV,9,0
l35,SunPV,10,0.1291
l35,SunPV,11,0.8999
l35,SunPV,12,0.5271
l35,SunPV,13,0.7986
l35,SunPV,14,0.5102
l35,SunPV,15,0.1315
l35,SunPV,16,0.1347
l35,SunPV,17,0.1902
l35,SunPV,18,0.085
l35,SunPV,19,0
l35,SunPV,20,0
l35,SunPV,21,0.0016
l35,SunPV,22,0
l35,SunPV,23,0
l35,SunPV,24,0
l36,SunPV,1,0
l36,SunPV,2,0.0
l36,SunPV,3,0.0009
l36,SunPV,4,0.0002
l36,SunPV,5,0
l36,SunPV,6,0.023
l36,SunPV,7,0.0392
l36,SunPV,8,0.3882
l36,SunPV,9,0.4802
l36,SunPV,10,0.3596
l36,SunPV,11,0.1029
l36,SunPV,12,0.1232
l36,SunPV,13,0.3814
l36,SunPV,14,0.4074
l36,SunPV,15,0.2014
l36,SunPV,16,0.1185
l36,SunPV,17,0.044
l36,SunPV,18,0.0505
l36,SunPV,19,0
l36,SunPV,20,0
l36,SunPV,21,0
l36,SunPV,22,0
l36,SunPV,23,0
l36,SunPV,24,0
l37,SunPV,1,0
l37,SunPV,2,0.0002
l37,SunPV,3,0.0009
l37,SunPV,4,0.0005
l37,SunPV,5,0
l37,SunPV,6,0
l37,SunPV,7,0.0625
l37,SunPV,8,0.1065
l37,SunPV,9,0.3678
l37,SunPV,10,0.4229
l37,SunPV,11,0.5036
l37,SunPV,12,0.6701
l37,SunPV,13,0.7866
l37,SunPV,14,0.3633
l37,SunPV,15,0.482
l37,SunPV,16,0.1396
l37,SunPV,17,0.264
l37,SunPV,18,0.1317
l37,SunPV,19,0.047
l37,SunPV,20,0.0026
l37,SunPV,21,0
l37,SunPV,22,0
l37,SunPV,23,0
l37,SunPV,24,0
l38,SunPV,1,0
l38,SunPV,2,0.0001
l38,SunPV,3,0.0006
l38,SunPV,4,0
l38,SunPV,5,0.0313
l38,SunPV,6,0
l38,SunPV,7,0
l38,SunPV,8,0.0335
l38,SunPV,9,0.1177
l38,SunPV,10,0.4059
l38,SunPV,11,0.439
l38,SunPV,12,0.4797
l38,SunPV,13,0.5088
l38,SunPV,14,0.1392
l38,SunPV,15,0.0409
l38,SunPV,16,0.2626
l38,SunPV,17,0.0394
l38,SunPV,18,0
l38,SunPV,19,0.0458
l38,SunPV,20,0.0116
l38,SunPV,21,0.0008
l38,SunPV,22,0
l38,SunPV,23,0
l38,SunPV,24,0
l39,SunPV,1,0
l39,SunPV,2,0.0001
l39,SunPV,3,0.0003
l39,SunPV,4,0.0048
l39,SunPV,5,0.0102
l39,SunPV,6,0.1009
l39,SunPV,7,0.1111
l39,SunPV,8,0
l39,SunPV,9,0.5314
l39,SunPV,10,0.1463
l39,SunPV,11,0.6453
l39,SunPV,12,0.3731
l39,SunPV,13,0.636
l39,SunPV,14,0.5739
l39,SunPV,15,0.3546
l39,SunPV,16,0.2811
l39,SunPV,17,0.1697
l39,SunPV,18,0
l39,SunPV,19,0.0187
l39,SunPV,20,0
l39,SunPV,21,0.0001
l39,SunPV,22,0
l39,SunPV,23,0
l39,SunPV,24,0
l40,SunPV,1,0
l40,SunPV,2,0.0
l40,SunPV,3,0.0002
l40,SunPV,4,0
l40,SunPV,5,0.0174
l40,SunPV,6,0
l40,SunPV,7,0.1916
l40,SunPV,8,0.1339
l40,SunPV,9,0.1905
l40,SunPV,10,0.3423
l40,SunPV,11,0.2502
l40,SunPV,12,0.4653
l40,SunPV,13,0.2602
l40,SunPV,14,0.435
l40,SunPV,15,0.5042
l40,SunPV,16,0.0791
l40,SunPV,17,0.1012
l40,SunPV,18,0.0867
l40,SunPV,19,0.0011
l40,SunPV,20,0.0052
l40,SunPV,21,0.0003
l40,SunPV,22,0
l40,SunPV,23,0
l40,SunPV,24,0
l41,SunPV,1,0
l41,SunPV,2,0
l41,SunPV,3,0.0004
l41,SunPV,4,0
l41,SunPV,5,0.0502
l41,SunPV,6,0.1008
l41,SunPV,7,0.0891
l41,SunPV,8,0.3038
l41,SunPV,9,0
l41,SunPV,10,0.8481
l41,SunPV,11,0.2504
l41,SunPV,12,0.3665
l41,SunPV,13,0
l41,SunPV,14,0.4387
l41,SunPV,15,0.0622
l41,SunPV,16,0.2142
l41,SunPV,17,0.05
l41,SunPV,18,0
l41,SunPV,19,0
l41,SunPV,20,0.0035
l41,SunPV,21,0
l41,SunPV,22,0
l41,SunPV,23,0
l41,SunPV,24,0
l42,SunPV,1,0
l42,SunPV,2,0
l42,SunPV,3,0
l42,SunPV,4,0.0009
l42,SunPV,5,0.0003
l42,SunPV,6,0.0799
l42,SunPV,7,0.1105
l42,SunPV,8,0.3099
l42,SunPV,9,0.2097
l42,SunPV,10,0.6059
l42,SunPV,11,0.3412
l42,SunPV,12,0.1793
l42,SunPV,13,0.8556
l42,SunPV,14,0
l42,SunPV,15,0.1321
l42,SunPV,16,0.0943
l42,SunPV,17,0.4277
l42,SunPV,18,0.1875
l42,SunPV,19,0.0624
l42,SunPV,20,0
l42,SunPV,21,0.0012
l42,SunPV,22,0
l42,SunPV,23,0
l42,SunPV,24,0
l43,SunPV,1,0
l43,SunPV,2,0
l43,SunPV,3,0
l43,SunPV,4,0.0034
l43,SunPV,5,0.0136
l43,SunPV,6,0.0299
l43,SunPV,7,0.2455
l43,SunPV,8,0
l43,SunPV,9,0.3598
l43,SunPV,10,0.483
l43,SunPV,11,0.6226
l43,SunPV,12,0.3787
l43,SunPV,13,0.4237
l43,SunPV,14,0.5429
l43,SunPV,15,0.5566
l43,SunPV,16,0.148
l43,SunPV,17,0.1504
l43,SunPV,18,0.1779
l43,SunPV,19,0
l43,SunPV,20,0
l43,SunPV,21,0.0008
l43,SunPV,22,0
l43,SunPV,23,0
l43,SunPV,24,0
l44,SunPV,1,0
l44,SunPV,2,0
l44,SunPV,3,0.0011
l44,SunPV,4,0
l44,SunPV,5,0.0087
l44,SunPV,6,0
l44,SunPV,7,0.1758
l44,SunPV,8,0.0906
l44,SunPV,9,0.2492
l44,SunPV,10,0
l44,SunPV,11,0.0312
l44,SunPV,12,0.3947
l44,SunPV,13,0.0874
l44,SunPV,14,0.7763
l44,SunPV,15,0
l44,SunPV,16,0.0658
l44,SunPV,17,0.1194
l44,SunPV,18,0.0249
l44,SunPV,19,0
l44,SunPV,20,0
l44,SunPV,21,0
l44,SunPV,22,0
l44,SunPV,23,0
l44,SunPV,24,0
l45,SunPV,1,0
l45,SunPV,2,0.0001
l45,SunPV,3,0.0008
l45,SunPV,4,0
l45,SunPV,5,0.0011
l45,SunPV,6,0.1014
l45,SunPV,7,0.028
l45,SunPV,8,0.4395
l45,SunPV,9,0.5372
l45,SunPV,10,0.2431
l45,SunPV,11,0.269
l45,SunPV,12,0.1699
l45,SunPV,13,0.24
l45,SunPV,14,0.0803
l45,SunPV,15,0.3544
l45,SunPV,16,0
l45,SunPV,17,0.1921
l45,SunPV,18,0.0992
l45,SunPV,19,0
l45,SunPV,20,0.0127
l45,SunPV,21,0.0003
l45,SunPV,22,0
l45,SunPV,23,0
l45,SunPV,24,0
l46,SunPV,1,0
l46,SunPV,2,0
l46,SunPV,3,0.0013
l46,SunPV,4,0.0009
l46,SunPV,5,0.028
l46,SunPV,6,0.0473
l46,SunPV,7,0.1489
l46,SunPV,8,0
l46,SunPV,9,0.3345
l46,SunPV,10,0.1893
l46,SunPV,11,0.1955
l46,SunPV,12,0.7768
l46,SunPV,13,0.3312
l46,SunPV,14,0.1281
l46,SunPV,15,0.2044
l46,SunPV,16,0
l46,SunPV,17,0.2948
l46,SunPV,18,0.0001
l46,SunPV,19,0.0317
l46,SunPV,20,0.0113
l46,SunPV,21,0
l46,SunPV,22,0
l46,SunPV,23,0
l46,SunPV,24,0
l47,SunPV,1,0
l47,SunPV,2,0
l47,SunPV,3,0
l47,SunPV,4,0.0002
l47,SunPV,5,0.0005
l47,SunPV,6,0.1359
l47,SunPV,7,0
l47,SunPV,8,0.1927
l47,SunPV,9,0.2636
l47,SunPV,10,0.3142
l47,SunPV,11,0.3536
l47,SunPV,12,0.3674
l47,SunPV,13,0.5696
l47,SunPV,14,0.4643
l47,SunPV,15,0.3525
l47,SunPV,16,0
l47,SunPV,17,0.1545
l47,SunPV,18,0
l47,SunPV,19,0.0355
l47,SunPV,20,0.0121
l47,SunPV,21,0
l47,SunPV,22,0
l47,SunPV,23,0
l47,SunPV,24,0
l48,SunPV,1,0
l48,SunPV,2,0.0002
l48,SunPV,3,0.0003
l48,SunPV,4,0.0018
l48,SunPV,5,0.0081
l48,SunPV,6,0.0753
l48,SunPV,7,0
l48,SunPV,8,0.1852
l48,SunPV,9,0.2542
l48,SunPV,10,0.4846
l48,SunPV,11,0.3366
l48,SunPV,12,0.1644
l48,SunPV,13,0.3797
l48,SunPV,14,0.1115
l48,SunPV,15,0
l48,SunPV,16,0.317
l48,SunPV,17,0.189
l48,SunPV,18,0.0872
l48,SunPV,19,0.0563
l48,SunPV,20,0
l48,SunPV,21,0
l48,SunPV,22,0
l48,SunPV,23,0
l48,SunPV,24,0
l49,SunPV,1,0
l49,SunPV,2,0
l49,SunPV,3,0
l49,SunPV,4,0
l49,SunPV,5,0
l49,SunPV,6,0.044
l49,SunPV,7,0.0192
l49,SunPV,8,0.3408
l49,SunPV,9,0.559
l49,SunPV,10,0.4753
l49,SunPV,11,0.0445
l49,SunPV,12,0.7243
l49,SunPV,13,0.7237
l49,SunPV,14,0.3412
l49,SunPV,15,0.5245
l49,SunPV,16,0.1067
l49,SunPV,17,0
l49,SunPV,18,0
l49,SunPV,19,0.0698
l49,SunPV,20,0
l49,SunPV,21,0.0001
l49,SunPV,22,0
l49,SunPV,23,0
l49,SunPV,24,0
l50,SunPV,1,0
l50,SunPV,2,0
l50,SunPV,3,0
l50,SunPV,4,0.0017
l50,SunPV,5,0.0268
l50,SunPV,6,0.0781
l50,SunPV,7,0.0031
l50,SunPV,8,0
l50,SunPV,9,0.2152
l50,SunPV,10,0.6549
l50,SunPV,11,0.5152
l50,SunPV,12,0.5479
l50,SunPV,13,0.5732
l50,SunPV,14,0.425
l50,SunPV,15,0.2957
l50,SunPV,16,0.3064
l50,SunPV,17,0.0498
l50,SunPV,18,0
l50,SunPV,19,0.0379
l50,SunPV,20,0.0105
l50,SunPV,21,0
l50,SunPV,22,0
l50,SunPV,23,0
l50,SunPV,24,0
l51,SunPV,1,0
l51,SunPV,2,0.0
l51,SunPV,3,0
l51,SunPV,4,0
l51,SunPV,5,0.0148
l51,SunPV,6,0
l51,SunPV,7,0
l51,SunPV,8,0.1752
l51,SunPV,9,0.2629
l51,SunPV,10,0.4074
l51,SunPV,11,0.7786
l51,SunPV,12,0.416
l51,SunPV,13,0.5093
l51,SunPV,14,0.1339
l51,SunPV,15,0.4189
l51,SunPV,16,0.1109
l51,SunPV,17,0.1262
l51,SunPV,18,0.0441
l51,SunPV,19,0.0477
l51,SunPV,20,0
l51,SunPV,21,0
l51,SunPV,22,0
l51,SunPV,23,0
l51,SunPV,24,0
l52,SunPV,1,0
l52,SunPV,2,0.0001
l52,SunPV,3,0
l52,SunPV,4,0
l52,SunPV,5,0.0024
l52,SunPV,6,0.0865
l52,SunPV,7,0.0468
l52,SunPV,8,0.1766
l52,SunPV,9,0.3437
l52,SunPV,10,0.1326
l52,SunPV,11,0.5104
l52,SunPV,12,0.7533
l52,SunPV,13,0.3402
l52,SunPV,14,0.1018
l52,SunPV,15,0.2601
l52,SunPV,16,0
l52,SunPV,17,0.1591
l52,SunPV,18,0.0861
l52,SunPV,19,0.0681
l52,SunPV,20,0.0006
l52,SunPV,21,0.0002
l52,SunPV,22,0
l52,SunPV,23,0
l52,SunPV,24,0
l53,SunPV,1,0
l53,SunPV,2,0
l53,SunPV,3,0.0003
l53,SunPV,4,0
l53,SunPV,5,0.0083
l53,SunPV,6,0.0138
l53,SunPV,7,0.0531
l53,SunPV,8,0.1845
l53,SunPV,9,0.2744
l53,SunPV,10,0.4918
l53,SunPV,11,0.351
l53,SunPV,12,0.316
l53,SunPV,13,0.3384
l53,SunPV,14,0.1883
l53,SunPV,15,0.2042
l53,SunPV,16,0.5315
l53,SunPV,17,0.0045
l53,SunPV,18,0.0313
l53,SunPV,19,0.0026
l53,SunPV,20,0.0002
l53,SunPV,21,0
l53,SunPV,22,0
l53,SunPV,23,0
l53,SunPV,24,0
l54,SunPV,1,0
l54,SunPV,2,0
l54,SunPV,3,0
l54,SunPV,4,0
l54,SunPV,5,0.0023
l54,SunPV,6,0.1695
l54,SunPV,7,0.1445
l54,SunPV,8,0
l54,SunPV,9,0.1414
l54,SunPV,10,0.3271
l54,SunPV,11,0.4312
l54,SunPV,12,0.1036
l54,SunPV,13,0.3485
l54,SunPV,14,0.1876
l54,SunPV,15,0.0627
l54,SunPV,16,0.2401
l54,SunPV,17,0.2131
l54,SunPV,18,0.1152
l54,SunPV,19,0.0332
l54,SunPV,20,0
l54,SunPV,21,0.0004
l54,SunPV,22,0
l54,SunPV,23,0
l54,SunPV,24,0
l55,SunPV,1,0
l55,SunPV,2,0.0
l55,SunPV,3,0.0016
l55,SunPV,4,0.0021
l55,SunPV,5,0
l55,SunPV,6,0
l55,SunPV,7,0.0363
l55,SunPV,8,0.5024
l55,SunPV,9,0.1943
l55,SunPV,10,0.5213
l55,SunPV,11,0.2963
l55,SunPV,12,0.4505
l55,SunPV,13,0.5517
l55,SunPV,14,0.218
l55,SunPV,15,0.1507
l55,SunPV,16,0.4703
l55,SunPV,17,0.2392
l55,SunPV,18,0.1114
l55,SunPV,19,0.0399
l55,SunPV,20,0.0051
l55,SunPV,21,0.001
l55,SunPV,22,0
l55,SunPV,23,0
l55,SunPV,24,0
l56,SunPV,1,0
l56,SunPV,2,0
l56,SunPV,3,0.0009
l56,SunPV,4,0
l56,SunPV,5,0
l56,SunPV,6,0
l56,SunPV,7,0.0009
l56,SunPV,8,0.0979
l56,SunPV,9,0.5192
l56,SunPV,10,0.4181
l56,SunPV,11,0.1983
l56,SunPV,12,0.6276
l56,SunPV,13,0.382
l56,SunPV,14,0.3451
l56,SunPV,15,0.0438
l56,SunPV,16,0.0346
l56,SunPV,17,0.0153
l56,SunPV,18,0.0557
l56,SunPV,19,0.0174
l56,SunPV,20,0.0126
l56,SunPV,21,0.0002
l56,SunPV,22,0
l56,SunPV,23,0
l56,SunPV,24,0
l57,SunPV,1,0
l57,SunPV,2,0
l57,SunPV,3,0
l57,SunPV,4,0
l57,SunPV,5,0.0106
l57,SunPV,6,0
l57,SunPV,7,0.125
l57,SunPV,8,0.5115
l57,SunPV,9,0.0249
l57,SunPV,10,0.2804
l57,SunPV,11,0
l57,SunPV,12,0.3268
l57,SunPV,13,0.519
l57,SunPV,14,0.4876
l57,SunPV,15,0.2875
l57,SunPV,16,0.3437
l57,SunPV,17,0.4324
l57,SunPV,18,0.1804
l57,SunPV,19,0
l57,SunPV,20,0
l57,SunPV,21,0
l57,SunPV,22,0
l57,SunPV,23,0
l57,SunPV,24,0
l58,SunPV,1,0
l58,SunPV,2,0.0001
l58,SunPV,3,0.0
l58,SunPV,4,0
l58,SunPV,5,0.0287
l58,SunPV,6,0
l58,SunPV,7,0.0535
l58,SunPV,8,0.166
l58,SunPV,9,0.2699
l58,SunPV,10,0.3744
l58,SunPV,11,0.5076
l58,SunPV,12,0.3852
l58,SunPV,13,0.2974
l58,SunPV,14,0.2523
l58,SunPV,15,0.1564
l58,SunPV,16,0.327
l58,SunPV,17,0.0374
l58,SunPV,18,0.1156
l58,SunPV,19,0.0155
l58,SunPV,20,0
l58,SunPV,21,0.0004
l58,SunPV,22,0
l58,SunPV,23,0
l58,SunPV,24,0
l59,SunPV,1,0
l59,SunPV,2,0.0001
l59,SunPV,3,0.0004
l59,SunPV,4,0.0059
l59,SunPV,5,0.0248
l59,SunPV,6,0.0579
l59,SunPV,7,0
l59,SunPV,8,0.5436
l59,SunPV,9,0.0114
l59,SunPV,10,0.5298
l59,SunPV,11,0.4692
l59,SunPV,12,0.1346
l59,SunPV,13,0.3508
l59,SunPV,14,0.3209
l59,SunPV,15,0.5212
l59,SunPV,16,0.0801
l59,SunPV,17,0.085
l59,SunPV,18,0
l59,SunPV,19,0.07
l59,SunPV,20,0
l59,SunPV,21,0.0002
l59,SunPV,22,0
l59,SunPV,23,0
l59,SunPV,24,0
l60,SunPV,1,0
l60,SunPV,2,0.0
l60,SunPV,3,0.0005
l60,SunPV,4,0.0022
l60,SunPV,5,0.0257
l60,SunPV,6,0.0069
l60,SunPV,7,0.2001
l60,SunPV,8,0.3407
l60,SunPV,9,0.4641
l60,SunPV,10,0.2044
l60,SunPV,11,0.3408
l60,SunPV,12,0.4457
l60,SunPV,13,0.0774
l60,SunPV,14,0.6699
l60,SunPV,15,0.2704
l60,SunPV,16,0.2441
l60,SunPV,17,0.046
l60,SunPV,18,0
l60,SunPV,19,0
l60,SunPV,20,0.0035
l60,SunPV,21,0.0004
l60,SunPV,22,0
l60,SunPV,23,0
l60,SunPV,24,0
l61,SunPV,1,0
l61,SunPV,2,0.0002
l61,SunPV,3,0.0005
l61,SunPV,4,0.0043
l61,SunPV,5,0.0123
l61,SunPV,6,0
l61,SunPV,7,0
l61,SunPV,8,0.2413
l61,SunPV,9,0.265
l61,SunPV,10,0.4268
l61,SunPV,11,0.736
l61,SunPV,12,0.5528
l61,SunPV,13,0.6542
l61,SunPV,14,0.357
l61,SunPV,15,0.1191
l61,SunPV,16,0.1879
l61,SunPV,17,0.0178
l61,SunPV,18,0.1689
l61,SunPV,19,0.04
l61,SunPV,20,0.0055
l61,SunPV,21,0.0006
l61,SunPV,22,0
l61,SunPV,23,0
l61,SunPV,24,0
l62,SunPV,1,0
l62,SunPV,2,0
l62,SunPV,3,0.0005
l62,SunPV,4,0.0018
l62,SunPV,5,0.0318
l62,SunPV,6,0
l62,SunPV,7,0.1618
l62,SunPV,8,0.1969
l62,SunPV,9,0
l62,SunPV,10,0.1522
l62,SunPV,11,0.3447
l62,SunPV,12,0.6378
l62,SunPV,13,0.4798
l62,SunPV,14,0.0938
l62,SunPV,15,0.246
l62,SunPV,16,0.5293
l62,SunPV,17,0.1311
l62,SunPV,18,0.0277
l62,SunPV,19,0.0306
l62,SunPV,20,0.0072
l62,SunPV,21,0
l62,SunPV,22,0
l62,SunPV,23,0
l62,SunPV,24,0
l63,SunPV,1,0
l63,SunPV,2,0.0001
l63,SunPV,3,0
l63,SunPV,4,0
l63,SunPV,5,0.0244
l63,SunPV,6,0.0274
l63,SunPV,7,0.1175
l63,SunPV,8,0.1258
l63,SunPV,9,0.4306
l63,SunPV,10,0.215
l63,SunPV,11,0.3478
l63,SunPV,12,0.566
l63,SunPV,13,0.6353
l63,SunPV,14,0.2281
l63,SunPV,15,0.6457
l63,SunPV,16,0.249
l63,SunPV,17,0
l63,SunPV,18,0.0798
l63,SunPV,19,0.0028
l63,SunPV,20,0.0049
l63,SunPV,21,0.0
l63,SunPV,22,0
l63,SunPV,23,0
l63,SunPV,24,0
