location,technology,capacity,units
l1,Nuclear,16000.0,16
l2,Nuclear,13000.0,13
l3,Nuclear,9000.0,9
l3,WindOn,3600.0,36
l4,WindOn,2700.0,27
l6,Nuclear,4000.0,4
l7,Nuclear,2000.0,2
l8,Nuclear,24000.0,24
l9,Nuclear,8000.0,8
l10,Nuclear,1000.0,1
l11,Nuclear,21000.0,21
l14,Nuclear,1000.0,1
l17,Nuclear,4000.0,4
l18,Nuclear,4000.0,4
l21,Nuclear,17000.0,17
l22,Nuclear,19000.0,19
l23,Nuclear,2000.0,2
l25,WindOn,2200.0,22
l26,Nuclear,12000.0,12
l27,Nuclear,14000.0,14
l27,WindOn,1300.0,13
l28,Nuclear,19000.0,19
l32,Nuclear,8000.0,8
l32,WindOn,100.0,1
l33,Nuclear,23000.0,23
l36,Nuclear,6000.0,6
l38,Nuclear,6000.0,6
l39,Nuclear,4000.0,4
l42,Nuclear,7000.0,7
l43,SunPV,1450.0,29
l44,WindOn,1600.0,16
l45,Nuclear,3000.0,3
l46,Nuclear,12000.0,12
l47,Nuclear,16000.0,16
l52,Nuclear,21000.0,21
l53,WindOn,1900.0,19
l54,Nuclear,15000.0,15
l56,WindOn,3900.0,39
l57,Nuclear,34000.0,34
