location,technology,time_step,production
l1,Nuclear,1,14785.62823655234
l1,Nuclear,2,16000.0
l1,Nuclear,3,16000.0
l1,Nuclear,4,16000.0
l1,Nuclear,5,16000.0
l1,Nuclear,6,16000.0
l1,Nuclear,7,16000.0
l1,Nuclear,8,15835.184846050099
l1,Nuclear,9,16000.0
l1,Nuclear,10,16000.0
l1,Nuclear,11,16000.0
l1,Nuclear,12,16000.0
l1,Nuclear,13,16000.0
l1,Nuclear,14,16000.0
l1,Nuclear,15,15919.090796157865
l1,Nuclear,16,16000.0
l1,Nuclear,17,16000.0
l1,Nuclear,18,16000.0
l1,Nuclear,19,16000.0
l1,Nuclear,20,16000.0
l1,Nuclear,21,16000.0
l1,Nuclear,22,16000.0
l1,Nuclear,23,16000.0
l1,Nuclear,24,16000.0
l2,Nuclear,1,13000.0
l2,Nuclear,2,13000.0
l2,Nuclear,3,12784.10352407653
l2,Nuclear,4,13000.0
l2,Nuclear,5,13000.0
l2,Nuclear,6,13000.0
l2,Nuclear,7,13000.0
l2,Nuclear,8,13000.0
l2,Nuclear,9,13000.0
l2,Nuclear,10,13000.0
l2,Nuclear,11,12970.102308365731
l2,Nuclear,12,13000.0
l2,Nuclear,13,13000.0
l2,Nuclear,14,13000.0
l2,Nuclear,15,13000.0
l2,Nuclear,16,13000.0
l2,Nuclear,17,13000.0
l2,Nuclear,18,13000.0
l2,Nuclear,19,13000.0
l2,Nuclear,20,13000.0
l2,Nuclear,21,13000.0
l2,Nuclear,22,12602.563214512793
l2,Nuclear,23,13000.0
l2,Nuclear,24,12645.589067808716
l3,Nuclear,1,8573.005214139665
l3,Nuclear,2,9000.0
l3,Nuclear,3,9000.0
l3,Nuclear,4,9000.0
l3,Nuclear,5,8095.915357326
l3,Nuclear,6,9000.0
l3,Nuclear,7,8974.502294845352
l3,Nuclear,8,7174.502294845352
l3,Nuclear,9,8974.502294845352
l3,Nuclear,10,8686.503841873278
l3,Nuclear,11,9000.0
l3,Nuclear,12,8982.310697337165
l3,Nuclear,13,8967.056271860401
l3,Nuclear,14,9000.0
l3,Nuclear,15,8836.42495757968
l3,Nuclear,16,9000.0
l3,Nuclear,17,9000.0
l3,Nuclear,18,9000.0
l3,Nuclear,19,9000.0
l3,Nuclear,20,7200.0
l3,Nuclear,21,9000.0
l3,Nuclear,22,9000.0
l3,Nuclear,23,9000.0
l3,Nuclear,24,9000.0
l3,WindOn,1,1955.8799999999999
l3,WindOn,2,1191.96
l3,WindOn,3,170.64000000000001
l3,WindOn,4,194.76
l3,WindOn,5,1157.04
l3,WindOn,6,720.0
l3,WindOn,7,834.48
l3,WindOn,8,1815.84
l3,WindOn,9,1607.7599999999998
l3,WindOn,10,2072.16
l3,WindOn,11,366.84000000000003
l3,WindOn,12,833.04
l3,WindOn,13,1626.48
l3,WindOn,14,1402.56
l3,WindOn,15,2183.4
l3,WindOn,16,1382.7599999999998
l3,WindOn,17,2410.56
l3,WindOn,18,1468.8
l3,WindOn,19,1844.6399999999999
l3,WindOn,20,847.08
l3,WindOn,21,1090.44
l3,WindOn,22,1735.92
l3,WindOn,23,2241.36
l3,WindOn,24,1604.8799999999999
l4,WindOn,1,765.18
l4,WindOn,2,1553.85
l4,WindOn,4,42.12
l4,WindOn,5,1178.01
l4,WindOn,6,817.5600000000001
l4,WindOn,7,1136.97
l4,WindOn,8,844.83
l4,WindOn,9,1118.3400000000001
l4,WindOn,10,370.17
l4,WindOn,11,1118.0700000000002
l4,WindOn,12,1347.03
l4,WindOn,13,1469.0700000000002
l4,WindOn,14,1897.2900000000004
l4,WindOn,15,941.7600000000001
l4,WindOn,16,957.9600000000002
l4,WindOn,18,522.99
l4,WindOn,19,705.78
l4,WindOn,20,1377.27
l4,WindOn,21,480.06000000000006
l4,WindOn,22,1240.11
l4,WindOn,23,809.19
l4,WindOn,24,714.4200000000001
l6,Nuclear,1,4000.0
l6,Nuclear,2,3969.0656956816288
l6,Nuclear,3,4000.0
l6,Nuclear,4,4000.0
l6,Nuclear,5,4000.0
l6,Nuclear,6,4000.0
l6,Nuclear,7,4000.0
l6,Nuclear,8,3774.4046105196594
l6,Nuclear,9,4000.0
l6,Nuclear,10,4000.0
l6,Nuclear,11,4000.0
l6,Nuclear,12,4000.0
l6,Nuclear,13,4000.0
l6,Nuclear,14,4000.0
l6,Nuclear,15,4000.0
l6,Nuclear,16,4000.0
l6,Nuclear,17,4000.0
l6,Nuclear,18,3691.4075706420335
l6,Nuclear,19,4000.0
l6,Nuclear,20,3787.490658026892
l6,Nuclear,21,4000.0
l6,Nuclear,22,4000.0
l6,Nuclear,23,4000.0
l6,Nuclear,24,4000.0
l7,Nuclear,1,1819.9822651409409
l7,Nuclear,2,2000.0
l7,Nuclear,3,2000.0
l7,Nuclear,4,1600.0
l7,Nuclear,5,2000.0
l7,Nuclear,6,2000.0
l7,Nuclear,7,2000.0
l7,Nuclear,8,2000.0
l7,Nuclear,9,2000.0
l7,Nuclear,10,1966.0168324299793
l7,Nuclear,11,2000.0
l7,Nuclear,12,2000.0
l7,Nuclear,13,2000.0
l7,Nuclear,14,2000.0
l7,Nuclear,15,2000.0
l7,Nuclear,16,2000.0
l7,Nuclear,17,2000.0
l7,Nuclear,18,2000.0
l7,Nuclear,19,2000.0
l7,Nuclear,20,2000.0
l7,Nuclear,21,2000.0
l7,Nuclear,22,1820.427446281105
l7,Nuclear,23,2000.0
l7,Nuclear,24,2000.0
l8,Nuclear,1,24000.0
l8,Nuclear,2,24000.0
l8,Nuclear,3,24000.0
l8,Nuclear,4,24000.0
l8,Nuclear,5,24000.0
l8,Nuclear,6,24000.0
l8,Nuclear,7,24000.0
l8,Nuclear,8,24000.0
l8,Nuclear,9,24000.0
l8,Nuclear,10,24000.0
l8,Nuclear,11,24000.0
l8,Nuclear,12,24000.0
l8,Nuclear,13,24000.0
l8,Nuclear,14,24000.0
l8,Nuclear,15,24000.0
l8,Nuclear,16,24000.0
l8,Nuclear,17,24000.0
l8,Nuclear,18,24000.0
l8,Nuclear,19,24000.0
l8,Nuclear,20,24000.0
l8,Nuclear,21,24000.0
l8,Nuclear,22,24000.0
l8,Nuclear,23,24000.0
l8,Nuclear,24,24000.0
l9,Nuclear,1,7982.7298229688895
l9,Nuclear,2,8000.0
l9,Nuclear,3,8000.0
l9,Nuclear,4,8000.0
l9,Nuclear,5,8000.0
l9,Nuclear,6,8000.0
l9,Nuclear,7,8000.0
l9,Nuclear,8,8000.0
l9,Nuclear,9,7459.814216932444
l9,Nuclear,10,8000.0
l9,Nuclear,11,8000.0
l9,Nuclear,12,8000.0
l9,Nuclear,13,8000.0
l9,Nuclear,14,8000.0
l9,Nuclear,15,6400.0
l9,Nuclear,16,8000.0
l9,Nuclear,17,8000.0
l9,Nuclear,18,8000.0
l9,Nuclear,19,8000.0
l9,Nuclear,20,7662.9764607218085
l9,Nuclear,21,8000.0
l9,Nuclear,22,8000.0
l9,Nuclear,23,8000.0
l9,Nuclear,24,8000.0
l10,Nuclear,1,1000.0
l10,Nuclear,2,1000.0
l10,Nuclear,3,1000.0
l10,Nuclear,4,1000.0
l10,Nuclear,5,1000.0
l10,Nuclear,6,1000.0
l10,Nuclear,7,1000.0
l10,Nuclear,8,1000.0
l10,Nuclear,9,1000.0
l10,Nuclear,10,999.3887610896209
l10,Nuclear,11,1000.0
l10,Nuclear,12,1000.0
l10,Nuclear,13,800.0
l10,Nuclear,14,1000.0
l10,Nuclear,15,1000.0
l10,Nuclear,16,1000.0
l10,Nuclear,17,1000.0
l10,Nuclear,18,1000.0
l10,Nuclear,19,1000.0
l10,Nuclear,20,887.8228732471016
l10,Nuclear,21,1000.0
l10,Nuclear,22,966.0577111167231
l10,Nuclear,23,1000.0
l10,Nuclear,24,1000.0
l11,Nuclear,1,21000.0
l11,Nuclear,2,21000.0
l11,Nuclear,3,21000.0
l11,Nuclear,4,21000.0
l11,Nuclear,5,21000.0
l11,Nuclear,6,21000.0
l11,Nuclear,7,21000.0
l11,Nuclear,8,20714.010778930984
l11,Nuclear,9,21000.0
l11,Nuclear,10,21000.0
l11,Nuclear,11,21000.0
l11,Nuclear,12,21000.0
l11,Nuclear,13,20787.535907147474
l11,Nuclear,14,21000.0
l11,Nuclear,15,21000.0
l11,Nuclear,16,21000.0
l11,Nuclear,17,21000.0
l11,Nuclear,18,21000.0
l11,Nuclear,19,21000.0
l11,Nuclear,20,21000.0
l11,Nuclear,21,21000.0
l11,Nuclear,22,21000.0
l11,Nuclear,23,21000.0
l11,Nuclear,24,21000.0
l14,Nuclear,1,1000.0
l14,Nuclear,2,1000.0
l14,Nuclear,3,1000.0
l14,Nuclear,4,1000.0
l14,Nuclear,5,1000.0
l14,Nuclear,6,1000.0
l14,Nuclear,7,1000.0
l14,Nuclear,8,1000.0
l14,Nuclear,9,1000.0
l14,Nuclear,10,1000.0
l14,Nuclear,11,1000.0
l14,Nuclear,12,1000.0
l14,Nuclear,13,1000.0
l14,Nuclear,14,1000.0
l14,Nuclear,15,1000.0
l14,Nuclear,16,1000.0
l14,Nuclear,17,1000.0
l14,Nuclear,18,1000.0
l14,Nuclear,19,1000.0
l14,Nuclear,20,1000.0
l14,Nuclear,21,1000.0
l14,Nuclear,22,1000.0
l14,Nuclear,23,1000.0
l14,Nuclear,24,1000.0
l17,Nuclear,1,3952.610945996651
l17,Nuclear,2,4000.0
l17,Nuclear,3,4000.0
l17,Nuclear,4,4000.0
l17,Nuclear,5,4000.0
l17,Nuclear,6,4000.0
l17,Nuclear,7,4000.0
l17,Nuclear,8,4000.0
l17,Nuclear,9,4000.0
l17,Nuclear,10,3947.73569714579
l17,Nuclear,11,4000.0
l17,Nuclear,12,4000.0
l17,Nuclear,13,4000.0
l17,Nuclear,14,4000.0
l17,Nuclear,15,4000.0
l17,Nuclear,16,4000.0
l17,Nuclear,17,4000.0
l17,Nuclear,18,3203.4416253931104
l17,Nuclear,19,4000.0
l17,Nuclear,20,4000.0
l17,Nuclear,21,4000.0
l17,Nuclear,22,3894.851431679342
l17,Nuclear,23,4000.0
l17,Nuclear,24,4000.0
l18,Nuclear,1,4000.0
l18,Nuclear,2,4000.0
l18,Nuclear,3,4000.0
l18,Nuclear,4,4000.0
l18,Nuclear,5,3890.625640016991
l18,Nuclear,6,4000.0
l18,Nuclear,7,4000.0
l18,Nuclear,8,4000.0
l18,Nuclear,9,3809.8314159874285
l18,Nuclear,10,4000.0
l18,Nuclear,11,4000.0
l18,Nuclear,12,4000.0
l18,Nuclear,13,4000.0
l18,Nuclear,14,4000.0
l18,Nuclear,15,3761.0817434063783
l18,Nuclear,16,4000.0
l18,Nuclear,17,4000.0
l18,Nuclear,18,4000.0
l18,Nuclear,19,4000.0
l18,Nuclear,20,4000.0
l18,Nuclear,21,4000.0
l18,Nuclear,22,4000.0
l18,Nuclear,23,4000.0
l18,Nuclear,24,4000.0
l21,Nuclear,1,17000.0
l21,Nuclear,2,17000.0
l21,Nuclear,3,17000.0
l21,Nuclear,4,17000.0
l21,Nuclear,5,17000.0
l21,Nuclear,6,17000.0
l21,Nuclear,7,17000.0
l21,Nuclear,8,14031.311640346199
l21,Nuclear,9,17000.0
l21,Nuclear,10,17000.0
l21,Nuclear,11,17000.0
l21,Nuclear,12,17000.0
l21,Nuclear,13,17000.0
l21,Nuclear,14,17000.0
l21,Nuclear,15,17000.0
l21,Nuclear,16,17000.0
l21,Nuclear,17,17000.0
l21,Nuclear,18,17000.0
l21,Nuclear,19,17000.0
l21,Nuclear,20,17000.0
l21,Nuclear,21,17000.0
l21,Nuclear,22,17000.0
l21,Nuclear,23,17000.0
l21,Nuclear,24,17000.0
l22,Nuclear,1,19000.0
l22,Nuclear,2,19000.0
l22,Nuclear,3,18806.172139046943
l22,Nuclear,4,19000.0
l22,Nuclear,5,19000.0
l22,Nuclear,6,19000.0
l22,Nuclear,7,19000.0
l22,Nuclear,8,19000.0
l22,Nuclear,9,19000.0
l22,Nuclear,10,19000.0
l22,Nuclear,11,19000.0
l22,Nuclear,12,19000.0
l22,Nuclear,13,17402.535465636873
l22,Nuclear,14,19000.0
l22,Nuclear,15,19000.0
l22,Nuclear,16,19000.0
l22,Nuclear,17,19000.0
l22,Nuclear,18,19000.0
l22,Nuclear,19,19000.0
l22,Nuclear,20,19000.0
l22,Nuclear,21,19000.0
l22,Nuclear,22,19000.0
l22,Nuclear,23,19000.0
l22,Nuclear,24,19000.0
l23,Nuclear,1,2000.0
l23,Nuclear,2,2000.0
l23,Nuclear,3,2000.0
l23,Nuclear,4,2000.0
l23,Nuclear,5,2000.0
l23,Nuclear,6,2000.0
l23,Nuclear,7,2000.0
l23,Nuclear,8,1600.0
l23,Nuclear,9,2000.0
l23,Nuclear,10,2000.0
l23,Nuclear,11,2000.0
l23,Nuclear,12,2000.0
l23,Nuclear,13,2000.0
l23,Nuclear,14,2000.0
l23,Nuclear,15,2000.0
l23,Nuclear,16,2000.0
l23,Nuclear,17,2000.0
l23,Nuclear,18,2000.0
l23,Nuclear,19,2000.0
l23,Nuclear,20,2000.0
l23,Nuclear,21,2000.0
l23,Nuclear,22,2000.0
l23,Nuclear,23,2000.0
l23,Nuclear,24,2000.0
l25,WindOn,1,740.08
l25,WindOn,2,1052.48
l25,WindOn,3,120.12
l25,WindOn,4,360.8
l25,WindOn,5,741.4
l25,WindOn,6,1716.66
l25,WindOn,7,280.28000000000003
l25,WindOn,8,1557.6
l25,WindOn,9,1541.98
l25,WindOn,10,617.1
l25,WindOn,11,528.88
l25,WindOn,12,355.52
l25,WindOn,13,630.08
l25,WindOn,14,41.14
l25,WindOn,15,626.5600000000001
l25,WindOn,16,1318.68
l25,WindOn,17,391.16
l25,WindOn,18,554.1800000000001
l25,WindOn,20,824.5600000000001
l25,WindOn,21,776.38
l25,WindOn,22,687.9399999999999
l25,WindOn,23,564.52
l25,WindOn,24,531.08
l26,Nuclear,1,12000.0
l26,Nuclear,2,12000.0
l26,Nuclear,3,12000.0
l26,Nuclear,4,12000.0
l26,Nuclear,5,12000.0
l26,Nuclear,6,12000.0
l26,Nuclear,7,12000.0
l26,Nuclear,8,11951.53887031481
l26,Nuclear,9,12000.0
l26,Nuclear,10,12000.0
l26,Nuclear,11,12000.0
l26,Nuclear,12,12000.0
l26,Nuclear,13,9823.345514309602
l26,Nuclear,14,12000.0
l26,Nuclear,15,12000.0
l26,Nuclear,16,12000.0
l26,Nuclear,17,12000.0
l26,Nuclear,18,12000.0
l26,Nuclear,19,12000.0
l26,Nuclear,20,12000.0
l26,Nuclear,21,12000.0
l26,Nuclear,22,12000.0
l26,Nuclear,23,12000.0
l26,Nuclear,24,12000.0
l27,Nuclear,1,14000.0
l27,Nuclear,2,14000.0
l27,Nuclear,3,14000.0
l27,Nuclear,4,14000.0
l27,Nuclear,5,14000.0
l27,Nuclear,6,14000.0
l27,Nuclear,7,14000.0
l27,Nuclear,8,14000.0
l27,Nuclear,9,14000.0
l27,Nuclear,10,14000.0
l27,Nuclear,11,14000.0
l27,Nuclear,12,14000.0
l27,Nuclear,13,14000.0
l27,Nuclear,14,14000.0
l27,Nuclear,15,13968.002197168404
l27,Nuclear,16,14000.0
l27,Nuclear,17,14000.0
l27,Nuclear,18,14000.0
l27,Nuclear,19,14000.0
l27,Nuclear,20,14000.0
l27,Nuclear,21,14000.0
l27,Nuclear,22,13966.624572041215
l27,Nuclear,23,14000.0
l27,Nuclear,24,14000.0
l27,WindOn,1,438.61999999999995
l27,WindOn,2,491.00999999999993
l27,WindOn,3,122.85
l27,WindOn,5,552.63
l27,WindOn,6,775.97
l27,WindOn,7,123.11000000000001
l27,WindOn,8,803.27
l27,WindOn,9,463.84
l27,WindOn,10,388.18
l27,WindOn,11,286.65
l27,WindOn,12,30.03
l27,WindOn,13,646.75
l27,WindOn,14,188.37
l27,WindOn,15,187.2
l27,WindOn,16,647.9200000000001
l27,WindOn,19,385.32
l27,WindOn,20,466.31000000000006
l27,WindOn,21,515.97
l27,WindOn,22,311.48
l27,WindOn,23,1047.93
l27,WindOn,24,330.72
l28,Nuclear,1,18465.906314895423
l28,Nuclear,2,19000.0
l28,Nuclear,3,19000.0
l28,Nuclear,4,19000.0
l28,Nuclear,5,17623.878311954824
l28,Nuclear,6,19000.0
l28,Nuclear,7,19000.0
l28,Nuclear,8,19000.0
l28,Nuclear,9,19000.0
l28,Nuclear,10,19000.0
l28,Nuclear,11,19000.0
l28,Nuclear,12,19000.0
l28,Nuclear,13,15690.293282563092
l28,Nuclear,14,19000.0
l28,Nuclear,15,19000.0
l28,Nuclear,16,19000.0
l28,Nuclear,17,19000.0
l28,Nuclear,18,19000.0
l28,Nuclear,19,19000.0
l28,Nuclear,20,19000.0
l28,Nuclear,21,19000.0
l28,Nuclear,22,19000.0
l28,Nuclear,23,19000.0
l28,Nuclear,24,19000.0
l32,Nuclear,1,8000.0
l32,Nuclear,2,8000.0
l32,Nuclear,3,8000.0
l32,Nuclear,4,8000.0
l32,Nuclear,5,8000.0
l32,Nuclear,6,7937.338895630234
l32,Nuclear,7,8000.0
l32,Nuclear,8,8000.0
l32,Nuclear,9,8000.0
l32,Nuclear,10,8000.0
l32,Nuclear,11,8000.0
l32,Nuclear,12,8000.0
l32,Nuclear,13,8000.0
l32,Nuclear,14,7992.130745683386
l32,Nuclear,15,8000.0
l32,Nuclear,16,8000.0
l32,Nuclear,17,7966.52194941705
l32,Nuclear,18,8000.0
l32,Nuclear,19,8000.0
l32,Nuclear,20,8000.0
l32,Nuclear,21,7974.647872737943
l32,Nuclear,22,8000.0
l32,Nuclear,23,7945.927228265783
l32,Nuclear,24,8000.0
l32,WindOn,1,46.45
l32,WindOn,2,36.71
l32,WindOn,3,33.61
l32,WindOn,4,10.879999999999999
l32,WindOn,5,18.18
l32,WindOn,6,54.9
l32,WindOn,7,28.970000000000002
l32,WindOn,8,37.51
l32,WindOn,9,27.7
l32,WindOn,10,6.34
l32,WindOn,11,48.68
l32,WindOn,12,40.06
l32,WindOn,13,76.11
l32,WindOn,14,9.69
l32,WindOn,15,46.45
l32,WindOn,16,3.7699999999999996
l32,WindOn,17,33.15
l32,WindOn,18,49.53
l32,WindOn,20,25.9
l32,WindOn,21,18.740000000000002
l32,WindOn,22,15.959999999999999
l32,WindOn,23,37.7
l32,WindOn,24,52.410000000000004
l33,Nuclear,1,22737.792225494435
l33,Nuclear,2,23000.0
l33,Nuclear,3,23000.0
l33,Nuclear,4,23000.0
l33,Nuclear,5,23000.0
l33,Nuclear,6,23000.0
l33,Nuclear,7,23000.0
l33,Nuclear,8,23000.0
l33,Nuclear,9,23000.0
l33,Nuclear,10,20338.10283378155
l33,Nuclear,11,23000.0
l33,Nuclear,12,23000.0
l33,Nuclear,13,23000.0
l33,Nuclear,14,23000.0
l33,Nuclear,15,23000.0
l33,Nuclear,16,23000.0
l33,Nuclear,17,23000.0
l33,Nuclear,18,23000.0
l33,Nuclear,19,23000.0
l33,Nuclear,20,23000.0
l33,Nuclear,21,23000.0
l33,Nuclear,22,23000.0
l33,Nuclear,23,23000.0
l33,Nuclear,24,23000.0
l36,Nuclear,1,4800.0
l36,Nuclear,2,6000.0
l36,Nuclear,3,6000.0
l36,Nuclear,4,6000.0
l36,Nuclear,5,6000.0
l36,Nuclear,6,6000.0
l36,Nuclear,7,6000.0
l36,Nuclear,8,6000.0
l36,Nuclear,9,6000.0
l36,Nuclear,10,6000.0
l36,Nuclear,11,6000.0
l36,Nuclear,12,6000.0
l36,Nuclear,13,5781.217917509344
l36,Nuclear,14,6000.0
l36,Nuclear,15,6000.0
l36,Nuclear,16,6000.0
l36,Nuclear,17,6000.0
l36,Nuclear,18,6000.0
l36,Nuclear,19,6000.0
l36,Nuclear,20,6000.0
l36,Nuclear,21,6000.0
l36,Nuclear,22,5385.0788791157665
l36,Nuclear,23,6000.0
l36,Nuclear,24,6000.0
l38,Nuclear,1,6000.0
l38,Nuclear,2,6000.0
l38,Nuclear,3,6000.0
l38,Nuclear,4,5362.1176649969275
l38,Nuclear,5,5745.1138705592275
l38,Nuclear,6,6000.0
l38,Nuclear,7,6000.0
l38,Nuclear,8,6000.0
l38,Nuclear,9,6000.0
l38,Nuclear,10,6000.0
l38,Nuclear,11,6000.0
l38,Nuclear,12,6000.0
l38,Nuclear,13,5913.052360690577
l38,Nuclear,14,6000.0
l38,Nuclear,15,6000.0
l38,Nuclear,16,6000.0
l38,Nuclear,17,6000.0
l38,Nuclear,18,6000.0
l38,Nuclear,19,6000.0
l38,Nuclear,20,5357.888499044275
l38,Nuclear,21,6000.0
l38,Nuclear,22,6000.0
l38,Nuclear,23,6000.0
l38,Nuclear,24,5925.815152314288
l39,Nuclear,1,4000.0
l39,Nuclear,2,4000.0
l39,Nuclear,3,4000.0
l39,Nuclear,4,4000.0
l39,Nuclear,5,4000.0
l39,Nuclear,6,4000.0
l39,Nuclear,7,4000.0
l39,Nuclear,8,4000.0
l39,Nuclear,9,4000.0
l39,Nuclear,10,4000.0
l39,Nuclear,11,4000.0
l39,Nuclear,12,4000.0
l39,Nuclear,13,4000.0
l39,Nuclear,14,4000.0
l39,Nuclear,15,4000.0
l39,Nuclear,16,4000.0
l39,Nuclear,17,4000.0
l39,Nuclear,18,4000.0
l39,Nuclear,19,4000.0
l39,Nuclear,20,4000.0
l39,Nuclear,21,4000.0
l39,Nuclear,22,4000.0
l39,Nuclear,23,4000.0
l39,Nuclear,24,4000.0
l42,Nuclear,1,7000.0
l42,Nuclear,2,7000.0
l42,Nuclear,3,7000.0
l42,Nuclear,4,7000.0
l42,Nuclear,5,7000.0
l42,Nuclear,6,7000.0
l42,Nuclear,7,7000.0
l42,Nuclear,8,7000.0
l42,Nuclear,9,7000.0
l42,Nuclear,10,7000.0
l42,Nuclear,11,7000.0
l42,Nuclear,12,7000.0
l42,Nuclear,13,7000.0
l42,Nuclear,14,7000.0
l42,Nuclear,15,7000.0
l42,Nuclear,16,7000.0
l42,Nuclear,17,7000.0
l42,Nuclear,18,7000.0
l42,Nuclear,19,7000.0
l42,Nuclear,20,7000.0
l42,Nuclear,21,7000.0
l42,Nuclear,22,7000.0
l42,Nuclear,23,7000.0
l42,Nuclear,24,7000.0
l43,SunPV,4,4.93
l43,SunPV,5,19.72
l43,SunPV,6,43.355
l43,SunPV,7,355.975
l43,SunPV,9,521.71
l43,SunPV,10,700.35
l43,SunPV,11,902.7700000000001
l43,SunPV,12,549.115
l43,SunPV,13,614.365
l43,SunPV,14,787.205
l43,SunPV,15,807.0699999999999
l43,SunPV,16,214.6
l43,SunPV,17,218.08
l43,SunPV,18,257.955
l43,SunPV,21,1.16
l44,WindOn,1,594.88
l44,WindOn,2,147.2
l44,WindOn,3,1071.52
l44,WindOn,4,61.6
l44,WindOn,5,567.52
l44,WindOn,6,981.4399999999999
l44,WindOn,7,671.6800000000001
l44,WindOn,8,536.16
l44,WindOn,9,170.08
l44,WindOn,10,37.76
l44,WindOn,11,726.4
l44,WindOn,12,961.92
l44,WindOn,13,339.52
l44,WindOn,14,115.52
l44,WindOn,16,166.08
l44,WindOn,17,443.68
l44,WindOn,18,991.6800000000001
l44,WindOn,19,695.36
l44,WindOn,20,577.6
l44,WindOn,21,352.0
l44,WindOn,22,293.44
l44,WindOn,23,929.7599999999999
l44,WindOn,24,544.16
l45,Nuclear,1,3000.0
l45,Nuclear,2,3000.0
l45,Nuclear,3,3000.0
l45,Nuclear,4,3000.0
l45,Nuclear,5,3000.0
l45,Nuclear,6,3000.0
l45,Nuclear,7,3000.0
l45,Nuclear,8,3000.0
l45,Nuclear,9,3000.0
l45,Nuclear,10,3000.0
l45,Nuclear,11,3000.0
l45,Nuclear,12,3000.0
l45,Nuclear,13,3000.0
l45,Nuclear,14,3000.0
l45,Nuclear,15,3000.0
l45,Nuclear,16,3000.0
l45,Nuclear,17,3000.0
l45,Nuclear,18,3000.0
l45,Nuclear,19,3000.0
l45,Nuclear,20,3000.0
l45,Nuclear,21,3000.0
l45,Nuclear,22,3000.0
l45,Nuclear,23,3000.0
l45,Nuclear,24,3000.0
l46,Nuclear,1,12000.0
l46,Nuclear,2,12000.0
l46,Nuclear,3,11881.524932186026
l46,Nuclear,4,12000.0
l46,Nuclear,5,12000.0
l46,Nuclear,6,12000.0
l46,Nuclear,7,12000.0
l46,Nuclear,8,12000.0
l46,Nuclear,9,12000.0
l46,Nuclear,10,12000.0
l46,Nuclear,11,12000.0
l46,Nuclear,12,12000.0
l46,Nuclear,13,12000.0
l46,Nuclear,14,12000.0
l46,Nuclear,15,12000.0
l46,Nuclear,16,11787.851495271905
l46,Nuclear,17,12000.0
l46,Nuclear,18,11865.182787132244
l46,Nuclear,19,11337.311054183012
l46,Nuclear,20,12000.0
l46,Nuclear,21,12000.0
l46,Nuclear,22,12000.0
l46,Nuclear,23,12000.0
l46,Nuclear,24,12000.0
l47,Nuclear,1,16000.0
l47,Nuclear,2,16000.0
l47,Nuclear,3,16000.0
l47,Nuclear,4,16000.0
l47,Nuclear,5,16000.0
l47,Nuclear,6,16000.0
l47,Nuclear,7,16000.0
l47,Nuclear,8,16000.0
l47,Nuclear,9,16000.0
l47,Nuclear,10,16000.0
l47,Nuclear,11,16000.0
l47,Nuclear,12,16000.0
l47,Nuclear,13,16000.0
l47,Nuclear,14,16000.0
l47,Nuclear,15,16000.0
l47,Nuclear,16,16000.0
l47,Nuclear,17,16000.0
l47,Nuclear,18,16000.0
l47,Nuclear,19,16000.0
l47,Nuclear,20,16000.0
l47,Nuclear,21,16000.0
l47,Nuclear,22,16000.0
l47,Nuclear,23,16000.0
l47,Nuclear,24,16000.0
l52,Nuclear,1,21000.0
l52,Nuclear,2,21000.0
l52,Nuclear,3,21000.0
l52,Nuclear,4,21000.0
l52,Nuclear,5,21000.0
l52,Nuclear,6,21000.0
l52,Nuclear,7,21000.0
l52,Nuclear,8,21000.0
l52,Nuclear,9,21000.0
l52,Nuclear,10,21000.0
l52,Nuclear,11,21000.0
l52,Nuclear,12,21000.0
l52,Nuclear,13,21000.0
l52,Nuclear,14,21000.0
l52,Nuclear,15,21000.0
l52,Nuclear,16,21000.0
l52,Nuclear,17,21000.0
l52,Nuclear,18,21000.0
l52,Nuclear,19,21000.0
l52,Nuclear,20,21000.0
l52,Nuclear,21,21000.0
l52,Nuclear,22,21000.0
l52,Nuclear,23,21000.0
l52,Nuclear,24,21000.0
l53,WindOn,1,609.1400000000001
l53,WindOn,2,466.83
l53,WindOn,4,1168.31
l53,WindOn,5,982.8699999999999
l53,WindOn,6,739.48
l53,WindOn,7,1294.85
l53,WindOn,8,198.55
l53,WindOn,9,1287.25
l53,WindOn,10,203.3
l53,WindOn,11,660.6300000000001
l53,WindOn,12,85.88
l53,WindOn,13,575.51
l53,WindOn,14,716.68
l53,WindOn,15,511.29
l53,WindOn,16,841.32
l53,WindOn,17,607.6199999999999
l53,WindOn,18,371.45
l53,WindOn,19,354.54
l53,WindOn,20,878.18
l53,WindOn,21,321.67
l53,WindOn,22,917.8899999999999
l53,WindOn,23,1034.55
l54,Nuclear,1,15000.0
l54,Nuclear,2,15000.0
l54,Nuclear,3,14854.075519875312
l54,Nuclear,4,15000.0
l54,Nuclear,5,15000.0
l54,Nuclear,6,15000.0
l54,Nuclear,7,15000.0
l54,Nuclear,8,15000.0
l54,Nuclear,9,15000.0
l54,Nuclear,10,15000.0
l54,Nuclear,11,15000.0
l54,Nuclear,12,15000.0
l54,Nuclear,13,15000.0
l54,Nuclear,14,15000.0
l54,Nuclear,15,14997.623285893955
l54,Nuclear,16,15000.0
l54,Nuclear,17,15000.0
l54,Nuclear,18,15000.0
l54,Nuclear,19,15000.0
l54,Nuclear,20,15000.0
l54,Nuclear,21,15000.0
l54,Nuclear,22,15000.0
l54,Nuclear,23,15000.0
l54,Nuclear,24,15000.0
l56,WindOn,1,377.90999999999997
l56,WindOn,2,1589.64
l56,WindOn,3,101.79
l56,WindOn,4,2546.7
l56,WindOn,5,565.8900000000001
l56,WindOn,6,995.6700000000001
l56,WindOn,7,1427.79
l56,WindOn,8,728.9100000000001
l56,WindOn,9,1281.9299999999998
l56,WindOn,10,1618.89
l56,WindOn,11,1919.19
l56,WindOn,12,1787.37
l56,WindOn,13,1035.84
l56,WindOn,14,1055.73
l56,WindOn,15,3002.2200000000003
l56,WindOn,16,1911.0
l56,WindOn,17,450.84
l56,WindOn,18,1248.0
l56,WindOn,19,908.7
l56,WindOn,20,1064.31
l56,WindOn,21,210.99
l56,WindOn,22,848.6399999999999
l56,WindOn,23,2582.9700000000003
l56,WindOn,24,1621.62
l57,Nuclear,1,34000.0
l57,Nuclear,2,34000.0
l57,Nuclear,3,34000.0
l57,Nuclear,4,34000.0
l57,Nuclear,5,34000.0
l57,Nuclear,6,34000.0
l57,Nuclear,7,34000.0
l57,Nuclear,8,34000.0
l57,Nuclear,9,34000.0
l57,Nuclear,10,34000.0
l57,Nuclear,11,34000.0
l57,Nuclear,12,34000.0
l57,Nuclear,13,34000.0
l57,Nuclear,14,34000.0
l57,Nuclear,15,34000.0
l57,Nuclear,16,34000.0
l57,Nuclear,17,34000.0
l57,Nuclear,18,34000.0
l57,Nuclear,19,34000.0
l57,Nuclear,20,34000.0
l57,Nuclear,21,34000.0
l57,Nuclear,22,34000.0
l57,Nuclear,23,34000.0
l57,Nuclear,24,34000.0
